{"data":[{"latitude":"12.93431","longitude":"77.53986","responsecode":200},{"latitude":"12.93421","longitude":"77.53986","responsecode":200},{"latitude":"12.93412","longitude":"77.53987000000001","responsecode":200},{"latitude":"12.93407","longitude":"77.53988000000001","responsecode":200},{"latitude":"12.93403","longitude":"77.53990000000002","responsecode":200},{"latitude":"12.934","longitude":"77.53994000000002","responsecode":200},{"latitude":"12.93399","longitude":"77.53998000000001","responsecode":200},{"latitude":"12.93398","longitude":"77.54004000000002","responsecode":200},{"latitude":"12.93398","longitude":"77.54013000000002","responsecode":200},{"latitude":"12.93399","longitude":"77.54034000000001","responsecode":200},{"latitude":"12.93398","longitude":"77.54057000000002","responsecode":200},{"latitude":"12.93396","longitude":"77.54076000000002","responsecode":200},{"latitude":"12.93393","longitude":"77.54092000000001","responsecode":200},{"latitude":"12.9339","longitude":"77.54106000000002","responsecode":200},{"latitude":"12.93386","longitude":"77.54120000000002","responsecode":200},{"latitude":"12.93381","longitude":"77.54137000000001","responsecode":200},{"latitude":"12.93372","longitude":"77.54164000000002","responsecode":200},{"latitude":"12.933598","longitude":"77.54204600000001","responsecode":200},{"latitude":"12.933598","longitude":"77.542046","responsecode":200},{"latitude":"12.93357","longitude":"77.54214","responsecode":200},{"latitude":"12.9335","longitude":"77.54235","responsecode":200},{"latitude":"12.93342","longitude":"77.54261","responsecode":200},{"latitude":"12.93326","longitude":"77.54311","responsecode":200},{"latitude":"12.933060000000001","longitude":"77.54374","responsecode":200},{"latitude":"12.932850000000002","longitude":"77.54438999999999","responsecode":200},{"latitude":"12.932850000000002","longitude":"77.54449","responsecode":200},{"latitude":"12.932720000000002","longitude":"77.54489","responsecode":200},{"latitude":"12.932620000000002","longitude":"77.54518","responsecode":200},{"latitude":"12.932590000000001","longitude":"77.54524","responsecode":200},{"latitude":"12.932520000000002","longitude":"77.54519","responsecode":200},{"latitude":"12.93252","longitude":"77.54519","responsecode":200},{"latitude":"12.93252","longitude":"77.54519","responsecode":200},{"latitude":"12.932080000000001","longitude":"77.54483","responsecode":200},{"latitude":"12.931870000000002","longitude":"77.54467000000001","responsecode":200},{"latitude":"12.931720000000002","longitude":"77.54456","responsecode":200},{"latitude":"12.931630000000002","longitude":"77.54477","responsecode":200},{"latitude":"12.931580000000002","longitude":"77.54488","responsecode":200},{"latitude":"12.931480000000002","longitude":"77.54512000000001","responsecode":200},{"latitude":"12.931410000000003","longitude":"77.54528","responsecode":200},{"latitude":"12.931340000000004","longitude":"77.54543000000001","responsecode":200},{"latitude":"12.931200000000004","longitude":"77.54574000000001","responsecode":200},{"latitude":"12.930970000000004","longitude":"77.54639","responsecode":200},{"latitude":"12.930920000000004","longitude":"77.54653","responsecode":200},{"latitude":"12.930870000000004","longitude":"77.54665","responsecode":200},{"latitude":"12.930780000000004","longitude":"77.54683","responsecode":200},{"latitude":"12.930670000000005","longitude":"77.54702","responsecode":200},{"latitude":"12.930570000000005","longitude":"77.54718","responsecode":200},{"latitude":"12.930441000000005","longitude":"77.547349","responsecode":200},{"latitude":"12.930441","longitude":"77.547349","responsecode":200},{"latitude":"12.93041","longitude":"77.54739","responsecode":200},{"latitude":"12.93019","longitude":"77.54764999999999","responsecode":200},{"latitude":"12.93008","longitude":"77.54777999999999","responsecode":200},{"latitude":"12.92996","longitude":"77.54793999999998","responsecode":200},{"latitude":"12.92959","longitude":"77.54840999999999","responsecode":200},{"latitude":"12.92938","longitude":"77.54869","responsecode":200},{"latitude":"12.92928","longitude":"77.54883","responsecode":200},{"latitude":"12.92913","longitude":"77.54907","responsecode":200},{"latitude":"12.92895","longitude":"77.54935","responsecode":200},{"latitude":"12.92887","longitude":"77.54948","responsecode":200},{"latitude":"12.92879","longitude":"77.5496","responsecode":200},{"latitude":"12.928659999999999","longitude":"77.54982","responsecode":200},{"latitude":"12.92859","longitude":"77.54993","responsecode":200},{"latitude":"12.92848","longitude":"77.5501","responsecode":200},{"latitude":"12.92833","longitude":"77.55035","responsecode":200},{"latitude":"12.928170000000001","longitude":"77.55063","responsecode":200},{"latitude":"12.928030000000001","longitude":"77.55087","responsecode":200},{"latitude":"12.927950000000001","longitude":"77.551","responsecode":200},{"latitude":"12.927710000000001","longitude":"77.55135","responsecode":200},{"latitude":"12.92767","longitude":"77.55142","responsecode":200},{"latitude":"12.92767","longitude":"77.55142","responsecode":200},{"latitude":"12.92767","longitude":"77.55142","responsecode":200},{"latitude":"12.9275","longitude":"77.55131999999999","responsecode":200},{"latitude":"12.92703","longitude":"77.55105999999999","responsecode":200},{"latitude":"12.92685","longitude":"77.55094999999999","responsecode":200},{"latitude":"12.92672","longitude":"77.55085999999999","responsecode":200},{"latitude":"12.92656","longitude":"77.55075999999998","responsecode":200},{"latitude":"12.92638","longitude":"77.55064999999998","responsecode":200},{"latitude":"12.92619","longitude":"77.55053999999997","responsecode":200},{"latitude":"12.92593","longitude":"77.55036999999997","responsecode":200},{"latitude":"12.925419999999999","longitude":"77.55005999999997","responsecode":200},{"latitude":"12.925332999999998","longitude":"77.55020499999998","responsecode":200},{"latitude":"12.925333","longitude":"77.550205","responsecode":200},{"latitude":"12.9253","longitude":"77.55026000000001","responsecode":200},{"latitude":"12.92512","longitude":"77.55056","responsecode":200},{"latitude":"12.92496","longitude":"77.55084000000001","responsecode":200},{"latitude":"12.92478","longitude":"77.55119","responsecode":200},{"latitude":"12.9247","longitude":"77.55136","responsecode":200},{"latitude":"12.92463","longitude":"77.55153","responsecode":200},{"latitude":"12.924560000000001","longitude":"77.55172","responsecode":200},{"latitude":"12.924430000000001","longitude":"77.55206","responsecode":200},{"latitude":"12.924330000000001","longitude":"77.55235","responsecode":200},{"latitude":"12.924170000000002","longitude":"77.55283","responsecode":200},{"latitude":"12.924100000000003","longitude":"77.55303","responsecode":200},{"latitude":"12.924070000000002","longitude":"77.55312","responsecode":200},{"latitude":"12.924000000000003","longitude":"77.55333","responsecode":200},{"latitude":"12.923850000000003","longitude":"77.55382","responsecode":200},{"latitude":"12.923773000000004","longitude":"77.554058","responsecode":200},{"latitude":"12.923773","longitude":"77.554058","responsecode":200},{"latitude":"12.92375","longitude":"77.55413","responsecode":200},{"latitude":"12.92359","longitude":"77.55459","responsecode":200},{"latitude":"12.923490000000001","longitude":"77.5549","responsecode":200},{"latitude":"12.923390000000001","longitude":"77.5552","responsecode":200},{"latitude":"12.923300000000001","longitude":"77.55549","responsecode":200},{"latitude":"12.923250000000001","longitude":"77.55564000000001","responsecode":200},{"latitude":"12.923210000000001","longitude":"77.55577000000001","responsecode":200},{"latitude":"12.923110000000001","longitude":"77.55608000000001","responsecode":200},{"latitude":"12.92303","longitude":"77.55634","responsecode":200},{"latitude":"12.922970000000001","longitude":"77.55653000000001","responsecode":200},{"latitude":"12.92289","longitude":"77.55682000000002","responsecode":200},{"latitude":"12.92275","longitude":"77.55728000000002","responsecode":200},{"latitude":"12.92271","longitude":"77.55740000000002","responsecode":200},{"latitude":"12.92251","longitude":"77.55800000000002","responsecode":200},{"latitude":"12.922440000000002","longitude":"77.55821000000002","responsecode":200},{"latitude":"12.922360000000001","longitude":"77.55845000000002","responsecode":200},{"latitude":"12.922310000000001","longitude":"77.55860000000003","responsecode":200},{"latitude":"12.922130000000001","longitude":"77.55918000000003","responsecode":200},{"latitude":"12.922060000000002","longitude":"77.55945000000003","responsecode":200},{"latitude":"12.922020000000002","longitude":"77.55963000000003","responsecode":200},{"latitude":"12.921970000000002","longitude":"77.55991000000003","responsecode":200},{"latitude":"12.921930000000001","longitude":"77.56020000000004","responsecode":200},{"latitude":"12.921920000000002","longitude":"77.56027000000003","responsecode":200},{"latitude":"12.921880000000002","longitude":"77.56053000000003","responsecode":200},{"latitude":"12.921872000000002","longitude":"77.56057700000002","responsecode":200},{"latitude":"12.921872","longitude":"77.560577","responsecode":200},{"latitude":"12.921850000000001","longitude":"77.56071","responsecode":200},{"latitude":"12.92181","longitude":"77.5609","responsecode":200},{"latitude":"12.92178","longitude":"77.56103","responsecode":200},{"latitude":"12.92175","longitude":"77.56114000000001","responsecode":200},{"latitude":"12.92171","longitude":"77.56125000000002","responsecode":200},{"latitude":"12.92166","longitude":"77.56136000000002","responsecode":200},{"latitude":"12.92156","longitude":"77.56152000000002","responsecode":200},{"latitude":"12.921429999999999","longitude":"77.56166000000002","responsecode":200},{"latitude":"12.92132","longitude":"77.56175000000002","responsecode":200},{"latitude":"12.921199999999999","longitude":"77.56183000000001","responsecode":200},{"latitude":"12.92113","longitude":"77.56187000000001","responsecode":200},{"latitude":"12.92105","longitude":"77.56191000000001","responsecode":200},{"latitude":"12.920969999999999","longitude":"77.56195000000001","responsecode":200},{"latitude":"12.920729999999999","longitude":"77.56206000000002","responsecode":200},{"latitude":"12.920539999999999","longitude":"77.56215000000002","responsecode":200},{"latitude":"12.92048","longitude":"77.56218000000001","responsecode":200},{"latitude":"12.92038","longitude":"77.56223000000001","responsecode":200},{"latitude":"12.92032","longitude":"77.56227000000001","responsecode":200},{"latitude":"12.92026","longitude":"77.56233000000002","responsecode":200},{"latitude":"12.92018","longitude":"77.56244000000002","responsecode":200},{"latitude":"12.92012","longitude":"77.56253000000002","responsecode":200},{"latitude":"12.91998","longitude":"77.56274000000002","responsecode":200},{"latitude":"12.9198","longitude":"77.56304000000002","responsecode":200},{"latitude":"12.91971","longitude":"77.56318000000002","responsecode":200},{"latitude":"12.91963","longitude":"77.56330000000001","responsecode":200},{"latitude":"12.91955","longitude":"77.56340000000002","responsecode":200},{"latitude":"12.919459999999999","longitude":"77.56349000000002","responsecode":200},{"latitude":"12.91935","longitude":"77.56358000000002","responsecode":200},{"latitude":"12.91916","longitude":"77.56372000000002","responsecode":200},{"latitude":"12.91898","longitude":"77.56385000000002","responsecode":200},{"latitude":"12.91877","longitude":"77.56400000000002","responsecode":200},{"latitude":"12.91858","longitude":"77.56413000000002","responsecode":200},{"latitude":"12.91848","longitude":"77.56419000000002","responsecode":200},{"latitude":"12.918330000000001","longitude":"77.56426000000002","responsecode":200},{"latitude":"12.918120000000002","longitude":"77.56436000000002","responsecode":200},{"latitude":"12.917930000000002","longitude":"77.56444000000002","responsecode":200},{"latitude":"12.917790000000002","longitude":"77.56450000000002","responsecode":200},{"latitude":"12.917681000000002","longitude":"77.56453300000003","responsecode":200},{"latitude":"12.917681","longitude":"77.564533","responsecode":200},{"latitude":"12.91766","longitude":"77.56454","responsecode":200},{"latitude":"12.91734","longitude":"77.56465999999999","responsecode":200},{"latitude":"12.91715","longitude":"77.56472999999998","responsecode":200},{"latitude":"12.91677","longitude":"77.56487999999999","responsecode":200},{"latitude":"12.91643","longitude":"77.56500999999999","responsecode":200},{"latitude":"12.9161","longitude":"77.56514999999999","responsecode":200},{"latitude":"12.91582","longitude":"77.56526","responsecode":200},{"latitude":"12.915750000000001","longitude":"77.56528999999999","responsecode":200},{"latitude":"12.915640000000002","longitude":"77.56532999999999","responsecode":200},{"latitude":"12.915580000000002","longitude":"77.56539999999998","responsecode":200},{"latitude":"12.915480000000002","longitude":"77.56544999999998","responsecode":200},{"latitude":"12.915050000000003","longitude":"77.56560999999998","responsecode":200},{"latitude":"12.914930000000002","longitude":"77.56565999999998","responsecode":200},{"latitude":"12.914360000000002","longitude":"77.56588999999998","responsecode":200},{"latitude":"12.914120000000002","longitude":"77.56598999999999","responsecode":200},{"latitude":"12.914050000000003","longitude":"77.56612999999999","responsecode":200},{"latitude":"12.913990000000004","longitude":"77.56625999999999","responsecode":200},{"latitude":"12.913960000000003","longitude":"77.56636999999999","responsecode":200},{"latitude":"12.913940000000004","longitude":"77.56647","responsecode":200},{"latitude":"12.913919000000003","longitude":"77.566572","responsecode":200},{"latitude":"12.913919","longitude":"77.566572","responsecode":200},{"latitude":"12.91388","longitude":"77.56675999999999","responsecode":200},{"latitude":"12.913860000000001","longitude":"77.56691","responsecode":200},{"latitude":"12.913850000000002","longitude":"77.56705","responsecode":200},{"latitude":"12.913860000000001","longitude":"77.56718","responsecode":200},{"latitude":"12.913870000000001","longitude":"77.56724999999999","responsecode":200},{"latitude":"12.91389","longitude":"77.56730999999999","responsecode":200},{"latitude":"12.913920000000001","longitude":"77.56737999999999","responsecode":200},{"latitude":"12.91397","longitude":"77.56745999999998","responsecode":200},{"latitude":"12.91403","longitude":"77.56753999999998","responsecode":200},{"latitude":"12.91422","longitude":"77.56776999999998","responsecode":200},{"latitude":"12.91441","longitude":"77.56799999999998","responsecode":200},{"latitude":"12.91465","longitude":"77.56825999999998","responsecode":200},{"latitude":"12.91498","longitude":"77.56862999999998","responsecode":200},{"latitude":"12.91522","longitude":"77.56888999999998","responsecode":200},{"latitude":"12.915329999999999","longitude":"77.56901999999998","responsecode":200},{"latitude":"12.915389999999999","longitude":"77.56912999999999","responsecode":200},{"latitude":"12.915449999999998","longitude":"77.56928999999998","responsecode":200},{"latitude":"12.915499999999998","longitude":"77.56946999999998","responsecode":200},{"latitude":"12.915519999999997","longitude":"77.56956999999998","responsecode":200},{"latitude":"12.915559999999997","longitude":"77.56968999999998","responsecode":200},{"latitude":"12.915619999999997","longitude":"77.56982999999998","responsecode":200},{"latitude":"12.915669999999997","longitude":"77.56992999999999","responsecode":200},{"latitude":"12.915739999999996","longitude":"77.56999999999998","responsecode":200},{"latitude":"12.915969999999996","longitude":"77.57010999999999","responsecode":200},{"latitude":"12.916149999999996","longitude":"77.57020999999999","responsecode":200},{"latitude":"12.916249999999996","longitude":"77.57028999999999","responsecode":200},{"latitude":"12.916339999999996","longitude":"77.57039999999999","responsecode":200},{"latitude":"12.916389999999996","longitude":"77.5705","responsecode":200},{"latitude":"12.916439999999996","longitude":"77.57065999999999","responsecode":200},{"latitude":"12.916529999999996","longitude":"77.57095","responsecode":200},{"latitude":"12.916569999999997","longitude":"77.57109","responsecode":200},{"latitude":"12.916589999999996","longitude":"77.57122","responsecode":200},{"latitude":"12.916599999999995","longitude":"77.57141","responsecode":200},{"latitude":"12.916599999999995","longitude":"77.57155","responsecode":200},{"latitude":"12.916579999999996","longitude":"77.57197000000001","responsecode":200},{"latitude":"12.916579999999996","longitude":"77.57206000000001","responsecode":200},{"latitude":"12.916589999999996","longitude":"77.57225000000001","responsecode":200},{"latitude":"12.916609999999995","longitude":"77.57248000000001","responsecode":200},{"latitude":"12.916629999999994","longitude":"77.57271000000001","responsecode":200},{"latitude":"12.916659999999995","longitude":"77.57287000000001","responsecode":200},{"latitude":"12.916719999999994","longitude":"77.57302000000001","responsecode":200},{"latitude":"12.916789999999994","longitude":"77.57316000000002","responsecode":200},{"latitude":"12.916839999999993","longitude":"77.57326000000002","responsecode":200},{"latitude":"12.916899999999993","longitude":"77.57339000000002","responsecode":200},{"latitude":"12.916959999999992","longitude":"77.57350000000002","responsecode":200},{"latitude":"12.917119999999992","longitude":"77.57350000000002","responsecode":200},{"latitude":"12.91712","longitude":"77.5735","responsecode":200},{"latitude":"12.91712","longitude":"77.5735","responsecode":200},{"latitude":"12.91713","longitude":"77.5735","responsecode":200},{"latitude":"12.91718","longitude":"77.57272","responsecode":200},{"latitude":"12.91779","longitude":"77.57272","responsecode":200},{"latitude":"12.91779","longitude":"77.57272","responsecode":200},{"latitude":"12.91789","longitude":"77.57322","responsecode":200},{"latitude":"12.91759","longitude":"77.5736","responsecode":200},{"latitude":"12.91759","longitude":"77.5736","responsecode":200},{"latitude":"12.91763","longitude":"77.57397","responsecode":200},{"latitude":"12.917660000000001","longitude":"77.57430000000001","responsecode":200},{"latitude":"12.917650000000002","longitude":"77.57438","responsecode":200},{"latitude":"12.917660000000001","longitude":"77.5745","responsecode":200},{"latitude":"12.917670000000001","longitude":"77.57468","responsecode":200},{"latitude":"12.91768","longitude":"77.57487","responsecode":200},{"latitude":"12.91768","longitude":"77.57508","responsecode":200},{"latitude":"12.917670000000001","longitude":"77.57571","responsecode":200},{"latitude":"12.917670000000001","longitude":"77.57600000000001","responsecode":200},{"latitude":"12.917660000000001","longitude":"77.57679","responsecode":200},{"latitude":"12.917660000000001","longitude":"77.57701","responsecode":200},{"latitude":"12.917640000000002","longitude":"77.57722","responsecode":200},{"latitude":"12.917620000000003","longitude":"77.57737","responsecode":200},{"latitude":"12.91762","longitude":"77.57737","responsecode":200},{"latitude":"12.91762","longitude":"77.57737","responsecode":200},{"latitude":"12.917589999999999","longitude":"77.57749","responsecode":200},{"latitude":"12.917549999999999","longitude":"77.57762","responsecode":200},{"latitude":"12.917509999999998","longitude":"77.57773","responsecode":200},{"latitude":"12.917449999999999","longitude":"77.57787","responsecode":200},{"latitude":"12.917399999999999","longitude":"77.57797000000001","responsecode":200},{"latitude":"12.91733","longitude":"77.5781","responsecode":200},{"latitude":"12.91728","longitude":"77.57821000000001","responsecode":200},{"latitude":"12.91724","longitude":"77.57839000000001","responsecode":200},{"latitude":"12.91722","longitude":"77.57854000000002","responsecode":200},{"latitude":"12.91721","longitude":"77.57868000000002","responsecode":200},{"latitude":"12.91721","longitude":"77.57887000000002","responsecode":200},{"latitude":"12.917200000000001","longitude":"77.57942000000003","responsecode":200},{"latitude":"12.917190000000002","longitude":"77.57980000000003","responsecode":200},{"latitude":"12.917190000000002","longitude":"77.58007000000003","responsecode":200},{"latitude":"12.917190000000002","longitude":"77.58023000000003","responsecode":200},{"latitude":"12.917420000000002","longitude":"77.58022000000003","responsecode":200},{"latitude":"12.917960000000003","longitude":"77.58024000000003","responsecode":200},{"latitude":"12.918430000000003","longitude":"77.58023000000003","responsecode":200},{"latitude":"12.919760000000002","longitude":"77.58022000000003","responsecode":200},{"latitude":"12.919900000000002","longitude":"77.58022000000003","responsecode":200},{"latitude":"12.919900000000002","longitude":"77.58031000000003","responsecode":200},{"latitude":"12.919900000000002","longitude":"77.58062000000002","responsecode":200},{"latitude":"12.9199","longitude":"77.58062","responsecode":200},{"latitude":"12.9199","longitude":"77.5808","responsecode":200},{"latitude":"12.9199","longitude":"77.58125","responsecode":200},{"latitude":"12.91989","longitude":"77.58188","responsecode":200},{"latitude":"12.91989","longitude":"77.58212","responsecode":200},{"latitude":"12.919880000000001","longitude":"77.58232000000001","responsecode":200},{"latitude":"12.919870000000001","longitude":"77.58275","responsecode":200},{"latitude":"12.919850000000002","longitude":"77.58364","responsecode":200},{"latitude":"12.920060000000001","longitude":"77.58365","responsecode":200},{"latitude":"12.920350000000001","longitude":"77.58364","responsecode":200},{"latitude":"12.9205","longitude":"77.58365","responsecode":200},{"latitude":"12.9208","longitude":"77.58365","responsecode":200},{"latitude":"12.92111","longitude":"77.58365","responsecode":200},{"latitude":"12.92122","longitude":"77.58365","responsecode":200},{"latitude":"12.921459","longitude":"77.583663","responsecode":200},{"latitude":"12.921459","longitude":"77.583663","responsecode":200},{"latitude":"12.921750000000001","longitude":"77.58368","responsecode":200},{"latitude":"12.92238","longitude":"77.58371","responsecode":200},{"latitude":"12.92259","longitude":"77.58372","responsecode":200},{"latitude":"12.92285","longitude":"77.58373","responsecode":200},{"latitude":"12.92331","longitude":"77.58374","responsecode":200},{"latitude":"12.923390000000001","longitude":"77.58374","responsecode":200},{"latitude":"12.92374","longitude":"77.58374","responsecode":200},{"latitude":"12.92374","longitude":"77.58374","responsecode":200},{"latitude":"12.92388","longitude":"77.58374","responsecode":200},{"latitude":"12.92425","longitude":"77.58374","responsecode":200},{"latitude":"12.92431","longitude":"77.58374","responsecode":200},{"latitude":"12.92436","longitude":"77.58377","responsecode":200},{"latitude":"12.92467","longitude":"77.58378","responsecode":200},{"latitude":"12.92481","longitude":"77.58378","responsecode":200},{"latitude":"12.925070000000002","longitude":"77.58379000000001","responsecode":200},{"latitude":"12.92528","longitude":"77.58379000000001","responsecode":200},{"latitude":"12.925450000000001","longitude":"77.58379000000001","responsecode":200},{"latitude":"12.925780000000001","longitude":"77.58380000000001","responsecode":200},{"latitude":"12.92585","longitude":"77.58380000000001","responsecode":200},{"latitude":"12.92631","longitude":"77.58380000000001","responsecode":200},{"latitude":"12.92631","longitude":"77.5838","responsecode":200},{"latitude":"12.92631","longitude":"77.5838","responsecode":200},{"latitude":"12.926300000000001","longitude":"77.58496","responsecode":200},{"latitude":"12.926280000000002","longitude":"77.58547","responsecode":200},{"latitude":"12.926260000000003","longitude":"77.586","responsecode":200},{"latitude":"12.926340000000003","longitude":"77.58604","responsecode":200},{"latitude":"12.926510000000004","longitude":"77.58613","responsecode":200},{"latitude":"12.926600000000004","longitude":"77.58617","responsecode":200},{"latitude":"12.926690000000004","longitude":"77.58619999999999","responsecode":200},{"latitude":"12.926780000000004","longitude":"77.58622","responsecode":200},{"latitude":"12.926930000000004","longitude":"77.58624999999999","responsecode":200},{"latitude":"12.927070000000004","longitude":"77.58627","responsecode":200},{"latitude":"12.927200000000004","longitude":"77.58629","responsecode":200},{"latitude":"12.927360000000004","longitude":"77.58630000000001","responsecode":200},{"latitude":"12.927540000000004","longitude":"77.58631000000001","responsecode":200},{"latitude":"12.927720000000004","longitude":"77.58631000000001","responsecode":200},{"latitude":"12.927870000000004","longitude":"77.58629","responsecode":200},{"latitude":"12.928020000000004","longitude":"77.58626000000001","responsecode":200},{"latitude":"12.928160000000004","longitude":"77.58622000000001","responsecode":200},{"latitude":"12.928280000000004","longitude":"77.58617000000001","responsecode":200},{"latitude":"12.928410000000005","longitude":"77.58610000000002","responsecode":200},{"latitude":"12.928500000000005","longitude":"77.58605000000001","responsecode":200},{"latitude":"12.928560000000004","longitude":"77.58603000000001","responsecode":200},{"latitude":"12.928630000000004","longitude":"77.58602","responsecode":200},{"latitude":"12.92863","longitude":"77.58602","responsecode":200},{"latitude":"12.92863","longitude":"77.58602","responsecode":200},{"latitude":"12.92863","longitude":"77.58590000000001","responsecode":200},{"latitude":"12.92864","longitude":"77.58575","responsecode":200},{"latitude":"12.92865","longitude":"77.58533","responsecode":200},{"latitude":"12.92865","longitude":"77.58519","responsecode":200},{"latitude":"12.928659999999999","longitude":"77.58501","responsecode":200},{"latitude":"12.92866","longitude":"77.58501","responsecode":200},{"latitude":"12.92866","longitude":"77.58501","responsecode":200},{"latitude":"12.92866","longitude":"77.58501","responsecode":200},{"latitude":"12.92857","longitude":"77.58489","responsecode":200},{"latitude":"12.92854","longitude":"77.58477","responsecode":200},{"latitude":"12.92854","longitude":"77.58477","responsecode":200},{"latitude":"12.92851","longitude":"77.58443","responsecode":200},{"latitude":"12.92852","longitude":"77.58418","responsecode":200},{"latitude":"12.92852","longitude":"77.58418","responsecode":200},{"latitude":"12.92869","longitude":"77.58396","responsecode":200},{"latitude":"12.92869","longitude":"77.58386","responsecode":200},{"latitude":"12.92869","longitude":"77.58385","responsecode":200},{"latitude":"12.928899999999999","longitude":"77.58385","responsecode":200},{"latitude":"12.929199999999998","longitude":"77.58385","responsecode":200},{"latitude":"12.929529999999998","longitude":"77.58385","responsecode":200},{"latitude":"12.930419999999998","longitude":"77.58386","responsecode":200},{"latitude":"12.930769999999997","longitude":"77.58385","responsecode":200},{"latitude":"12.930979999999996","longitude":"77.58385","responsecode":200},{"latitude":"12.931489999999997","longitude":"77.58387","responsecode":200},{"latitude":"12.931801999999996","longitude":"77.583886","responsecode":200},{"latitude":"12.931802","longitude":"77.583886","responsecode":200},{"latitude":"12.93208","longitude":"77.5839","responsecode":200},{"latitude":"12.93254","longitude":"77.58392","responsecode":200},{"latitude":"12.93269","longitude":"77.58393000000001","responsecode":200},{"latitude":"12.932799999999999","longitude":"77.58395000000002","responsecode":200},{"latitude":"12.932929999999999","longitude":"77.58398000000001","responsecode":200},{"latitude":"12.932949999999998","longitude":"77.58394000000001","responsecode":200},{"latitude":"12.932979999999999","longitude":"77.58390000000001","responsecode":200},{"latitude":"12.933019999999999","longitude":"77.58391000000002","responsecode":200},{"latitude":"12.93315","longitude":"77.58391000000002","responsecode":200},{"latitude":"12.9333","longitude":"77.58392000000002","responsecode":200},{"latitude":"12.933649999999998","longitude":"77.58395000000002","responsecode":200},{"latitude":"12.93391","longitude":"77.58396000000002","responsecode":200},{"latitude":"12.934259999999998","longitude":"77.58396000000002","responsecode":200},{"latitude":"12.934329999999997","longitude":"77.58396000000002","responsecode":200},{"latitude":"12.934439999999997","longitude":"77.58396000000002","responsecode":200},{"latitude":"12.934569999999997","longitude":"77.58397000000002","responsecode":200},{"latitude":"12.934719999999997","longitude":"77.58398000000003","responsecode":200},{"latitude":"12.934889999999998","longitude":"77.58400000000003","responsecode":200},{"latitude":"12.935039999999997","longitude":"77.58402000000004","responsecode":200},{"latitude":"12.935169999999998","longitude":"77.58403000000004","responsecode":200},{"latitude":"12.935289999999998","longitude":"77.58403000000004","responsecode":200},{"latitude":"12.935449999999998","longitude":"77.58403000000004","responsecode":200},{"latitude":"12.935659999999997","longitude":"77.58402000000004","responsecode":200},{"latitude":"12.935779999999998","longitude":"77.58401000000003","responsecode":200},{"latitude":"12.936119999999997","longitude":"77.58398000000004","responsecode":200},{"latitude":"12.936369999999997","longitude":"77.58398000000004","responsecode":200},{"latitude":"12.936509999999997","longitude":"77.58398000000004","responsecode":200},{"latitude":"12.93651","longitude":"77.58398","responsecode":200},{"latitude":"12.93662","longitude":"77.58398","responsecode":200},{"latitude":"12.9367","longitude":"77.58398","responsecode":200},{"latitude":"12.9367","longitude":"77.58408","responsecode":200},{"latitude":"12.93669","longitude":"77.58415","responsecode":200},{"latitude":"12.93665","longitude":"77.58426","responsecode":200},{"latitude":"12.93665","longitude":"77.58445","responsecode":200},{"latitude":"12.93665","longitude":"77.58481","responsecode":200},{"latitude":"12.93665","longitude":"77.58497","responsecode":200},{"latitude":"12.93668","longitude":"77.58497","responsecode":200},{"latitude":"12.936710000000001","longitude":"77.58499","responsecode":200},{"latitude":"12.936720000000001","longitude":"77.58502","responsecode":200},{"latitude":"12.936770000000001","longitude":"77.58505","responsecode":200},{"latitude":"12.93682","longitude":"77.58507","responsecode":200},{"latitude":"12.93689","longitude":"77.58508","responsecode":200},{"latitude":"12.93697","longitude":"77.58508","responsecode":200},{"latitude":"12.9372","longitude":"77.58508","responsecode":200},{"latitude":"12.937460000000002","longitude":"77.58508","responsecode":200},{"latitude":"12.937689","longitude":"77.585086","responsecode":200},{"latitude":"12.937689","longitude":"77.585086","responsecode":200},{"latitude":"12.93787","longitude":"77.58509000000001","responsecode":200},{"latitude":"12.93824","longitude":"77.58509000000001","responsecode":200},{"latitude":"12.93857","longitude":"77.58509000000001","responsecode":200},{"latitude":"12.93877","longitude":"77.58510000000001","responsecode":200},{"latitude":"12.93928","longitude":"77.58511000000001","responsecode":200},{"latitude":"12.93953","longitude":"77.58510000000001","responsecode":200},{"latitude":"12.939869999999999","longitude":"77.58511000000001","responsecode":200},{"latitude":"12.940589999999998","longitude":"77.58513000000002","responsecode":200},{"latitude":"12.941049999999999","longitude":"77.58514000000002","responsecode":200},{"latitude":"12.94146","longitude":"77.58515000000003","responsecode":200},{"latitude":"12.941609999999999","longitude":"77.58516000000003","responsecode":200},{"latitude":"12.94174","longitude":"77.58516000000003","responsecode":200},{"latitude":"12.942","longitude":"77.58516000000003","responsecode":200},{"latitude":"12.94219","longitude":"77.58516000000003","responsecode":200},{"latitude":"12.94235","longitude":"77.58516000000003","responsecode":200},{"latitude":"12.94249","longitude":"77.58516000000003","responsecode":200},{"latitude":"12.94249","longitude":"77.58516","responsecode":200},{"latitude":"12.942559999999999","longitude":"77.58516","responsecode":200},{"latitude":"12.942779999999999","longitude":"77.58516","responsecode":200},{"latitude":"12.94301","longitude":"77.58517","responsecode":200},{"latitude":"12.943299999999999","longitude":"77.58518000000001","responsecode":200},{"latitude":"12.943389999999999","longitude":"77.58518000000001","responsecode":200},{"latitude":"12.943599999999998","longitude":"77.58515000000001","responsecode":200},{"latitude":"12.943619999999997","longitude":"77.58513","responsecode":200},{"latitude":"12.943649999999998","longitude":"77.58511","responsecode":200},{"latitude":"12.943679999999999","longitude":"77.5851","responsecode":200},{"latitude":"12.943719999999999","longitude":"77.58511","responsecode":200},{"latitude":"12.94375","longitude":"77.58513","responsecode":200},{"latitude":"12.943769999999999","longitude":"77.58515000000001","responsecode":200},{"latitude":"12.943779999999999","longitude":"77.58518000000001","responsecode":200},{"latitude":"12.943779999999999","longitude":"77.58523000000001","responsecode":200},{"latitude":"12.943859999999999","longitude":"77.58523000000001","responsecode":200},{"latitude":"12.94398","longitude":"77.58524000000001","responsecode":200},{"latitude":"12.94407","longitude":"77.58525000000002","responsecode":200},{"latitude":"12.9442","longitude":"77.58527000000002","responsecode":200},{"latitude":"12.94435","longitude":"77.58530000000002","responsecode":200},{"latitude":"12.94446","longitude":"77.58533000000001","responsecode":200},{"latitude":"12.94456","longitude":"77.58536000000001","responsecode":200},{"latitude":"12.944619999999999","longitude":"77.58538000000001","responsecode":200},{"latitude":"12.944719999999998","longitude":"77.58541000000001","responsecode":200},{"latitude":"12.944789999999998","longitude":"77.58544","responsecode":200},{"latitude":"12.944869999999998","longitude":"77.58548","responsecode":200},{"latitude":"12.945029999999997","longitude":"77.58556","responsecode":200},{"latitude":"12.945139999999997","longitude":"77.58563","responsecode":200},{"latitude":"12.945209999999996","longitude":"77.58568","responsecode":200},{"latitude":"12.945279999999995","longitude":"77.58574","responsecode":200},{"latitude":"12.945339999999995","longitude":"77.5858","responsecode":200},{"latitude":"12.945399999999994","longitude":"77.58587","responsecode":200},{"latitude":"12.945449999999994","longitude":"77.58593","responsecode":200},{"latitude":"12.945509999999993","longitude":"77.58602","responsecode":200},{"latitude":"12.945579999999993","longitude":"77.58614","responsecode":200},{"latitude":"12.945639999999992","longitude":"77.58626","responsecode":200},{"latitude":"12.945689999999992","longitude":"77.58636","responsecode":200},{"latitude":"12.945749999999991","longitude":"77.58649","responsecode":200},{"latitude":"12.945799999999991","longitude":"77.58663","responsecode":200},{"latitude":"12.945839999999992","longitude":"77.58673","responsecode":200},{"latitude":"12.945879999999992","longitude":"77.58677","responsecode":200},{"latitude":"12.945919999999992","longitude":"77.58682","responsecode":200},{"latitude":"12.945939999999991","longitude":"77.58687","responsecode":200},{"latitude":"12.945969999999992","longitude":"77.58695","responsecode":200},{"latitude":"12.946059999999992","longitude":"77.58721","responsecode":200},{"latitude":"12.946199999999992","longitude":"77.58766","responsecode":200},{"latitude":"12.946259999999992","longitude":"77.58788","responsecode":200},{"latitude":"12.946279999999991","longitude":"77.588","responsecode":200},{"latitude":"12.94628999999999","longitude":"77.5881","responsecode":200},{"latitude":"12.94630999999999","longitude":"77.58829","responsecode":200},{"latitude":"12.94630999999999","longitude":"77.58847","responsecode":200},{"latitude":"12.94631999999999","longitude":"77.5886","responsecode":200},{"latitude":"12.946329999999989","longitude":"77.58879","responsecode":200},{"latitude":"12.946330999999988","longitude":"77.5888","responsecode":200},{"latitude":"12.946331","longitude":"77.5888","responsecode":200},{"latitude":"12.946340000000001","longitude":"77.58897","responsecode":200},{"latitude":"12.94636","longitude":"77.58937","responsecode":200},{"latitude":"12.94638","longitude":"77.58961000000001","responsecode":200},{"latitude":"12.946399999999999","longitude":"77.58970000000001","responsecode":200},{"latitude":"12.946439999999999","longitude":"77.58980000000001","responsecode":200},{"latitude":"12.946489999999999","longitude":"77.58990000000001","responsecode":200},{"latitude":"12.946559999999998","longitude":"77.59000000000002","responsecode":200},{"latitude":"12.946749999999998","longitude":"77.59022000000002","responsecode":200},{"latitude":"12.946999999999997","longitude":"77.59048000000001","responsecode":200},{"latitude":"12.947229999999998","longitude":"77.59071000000002","responsecode":200},{"latitude":"12.947309999999998","longitude":"77.59079000000001","responsecode":200},{"latitude":"12.947379999999997","longitude":"77.59086","responsecode":200},{"latitude":"12.947419999999997","longitude":"77.59092000000001","responsecode":200},{"latitude":"12.947469999999997","longitude":"77.59102000000001","responsecode":200},{"latitude":"12.947509999999998","longitude":"77.59111000000001","responsecode":200},{"latitude":"12.947579999999997","longitude":"77.59127000000001","responsecode":200},{"latitude":"12.94758","longitude":"77.59127","responsecode":200},{"latitude":"12.94758","longitude":"77.59127","responsecode":200},{"latitude":"12.947750000000001","longitude":"77.59160999999999","responsecode":200},{"latitude":"12.947940000000001","longitude":"77.59201999999999","responsecode":200},{"latitude":"12.94809","longitude":"77.5923","responsecode":200},{"latitude":"12.948170000000001","longitude":"77.59243","responsecode":200},{"latitude":"12.94827","longitude":"77.59257","responsecode":200},{"latitude":"12.94838","longitude":"77.59271","responsecode":200},{"latitude":"12.94843","longitude":"77.59277999999999","responsecode":200},{"latitude":"12.94849","longitude":"77.59284999999998","responsecode":200},{"latitude":"12.94858","longitude":"77.59293999999998","responsecode":200},{"latitude":"12.94867","longitude":"77.59302999999998","responsecode":200},{"latitude":"12.94875","longitude":"77.59316999999999","responsecode":200},{"latitude":"12.9488","longitude":"77.59325999999999","responsecode":200},{"latitude":"12.94884","longitude":"77.59335999999999","responsecode":200},{"latitude":"12.94886","longitude":"77.59342","responsecode":200},{"latitude":"12.94887","longitude":"77.59351","responsecode":200},{"latitude":"12.94878","longitude":"77.59355","responsecode":200},{"latitude":"12.94863","longitude":"77.59361999999999","responsecode":200},{"latitude":"12.94814","longitude":"77.59385999999999","responsecode":200},{"latitude":"12.9478","longitude":"77.59401999999999","responsecode":200},{"latitude":"12.947690000000001","longitude":"77.59406999999999","responsecode":200},{"latitude":"12.947590000000002","longitude":"77.59411999999999","responsecode":200},{"latitude":"12.947490000000002","longitude":"77.59416999999999","responsecode":200},{"latitude":"12.947400000000002","longitude":"77.59421999999999","responsecode":200},{"latitude":"12.947290000000002","longitude":"77.59428999999999","responsecode":200},{"latitude":"12.947180000000003","longitude":"77.59436999999998","responsecode":200},{"latitude":"12.947070000000004","longitude":"77.59444999999998","responsecode":200},{"latitude":"12.946970000000004","longitude":"77.59452999999998","responsecode":200},{"latitude":"12.946900000000005","longitude":"77.59458999999998","responsecode":200},{"latitude":"12.946810000000005","longitude":"77.59466999999998","responsecode":200},{"latitude":"12.946700000000005","longitude":"77.59477999999999","responsecode":200},{"latitude":"12.946580000000004","longitude":"77.59489999999998","responsecode":200},{"latitude":"12.946300000000004","longitude":"77.59518999999999","responsecode":200},{"latitude":"12.946210000000004","longitude":"77.59528999999999","responsecode":200},{"latitude":"12.946120000000004","longitude":"77.5954","responsecode":200},{"latitude":"12.946050000000005","longitude":"77.5955","responsecode":200},{"latitude":"12.946020000000004","longitude":"77.59554","responsecode":200},{"latitude":"12.945980000000004","longitude":"77.5956","responsecode":200},{"latitude":"12.946060000000005","longitude":"77.59565","responsecode":200},{"latitude":"12.946340000000005","longitude":"77.59585000000001","responsecode":200},{"latitude":"12.946695000000005","longitude":"77.59608800000001","responsecode":200},{"latitude":"12.946695","longitude":"77.596088","responsecode":200},{"latitude":"12.94689","longitude":"77.59621999999999","responsecode":200},{"latitude":"12.9472","longitude":"77.59643999999999","responsecode":200},{"latitude":"12.947370000000001","longitude":"77.59656999999999","responsecode":200},{"latitude":"12.947730000000002","longitude":"77.59683999999999","responsecode":200},{"latitude":"12.948220000000001","longitude":"77.59723999999999","responsecode":200},{"latitude":"12.948360000000001","longitude":"77.59707999999999","responsecode":200},{"latitude":"12.948680000000001","longitude":"77.59676999999999","responsecode":200},{"latitude":"12.948950000000002","longitude":"77.59657999999999","responsecode":200},{"latitude":"12.949430000000001","longitude":"77.59630999999999","responsecode":200},{"latitude":"12.949660000000002","longitude":"77.59619999999998","responsecode":200},{"latitude":"12.949940000000002","longitude":"77.59605999999998","responsecode":200},{"latitude":"12.950104000000001","longitude":"77.59594699999998","responsecode":200},{"latitude":"12.950104","longitude":"77.595947","responsecode":200},{"latitude":"12.95023","longitude":"77.59586","responsecode":200},{"latitude":"12.95083","longitude":"77.59547","responsecode":200},{"latitude":"12.95092","longitude":"77.59542","responsecode":200},{"latitude":"12.95104","longitude":"77.59538","responsecode":200},{"latitude":"12.95118","longitude":"77.59535000000001","responsecode":200},{"latitude":"12.95123","longitude":"77.59530000000001","responsecode":200},{"latitude":"12.95128","longitude":"77.59524","responsecode":200},{"latitude":"12.95181","longitude":"77.59464","responsecode":200},{"latitude":"12.95194","longitude":"77.59449","responsecode":200},{"latitude":"12.952060000000001","longitude":"77.59436","responsecode":200},{"latitude":"12.952230000000002","longitude":"77.59415999999999","responsecode":200},{"latitude":"12.952750000000002","longitude":"77.59358999999999","responsecode":200},{"latitude":"12.952890000000002","longitude":"77.59343","responsecode":200},{"latitude":"12.952980000000002","longitude":"77.59333","responsecode":200},{"latitude":"12.953110000000002","longitude":"77.59317","responsecode":200},{"latitude":"12.953190000000003","longitude":"77.59303","responsecode":200},{"latitude":"12.953260000000002","longitude":"77.59288","responsecode":200},{"latitude":"12.953450000000002","longitude":"77.59246999999999","responsecode":200},{"latitude":"12.953500000000002","longitude":"77.59234","responsecode":200},{"latitude":"12.953550000000002","longitude":"77.59223999999999","responsecode":200},{"latitude":"12.953580000000002","longitude":"77.59213999999999","responsecode":200},{"latitude":"12.95358","longitude":"77.59214","responsecode":200},{"latitude":"12.95358","longitude":"77.59214","responsecode":200},{"latitude":"12.95359","longitude":"77.59214","responsecode":200},{"latitude":"12.95369","longitude":"77.59218","responsecode":200},{"latitude":"12.95475","longitude":"77.59255","responsecode":200},{"latitude":"12.95475","longitude":"77.59255","responsecode":200},{"latitude":"12.95514","longitude":"77.59267","responsecode":200},{"latitude":"12.95518","longitude":"77.59264","responsecode":200},{"latitude":"12.955179","longitude":"77.592638","responsecode":200},{"latitude":"12.9553","longitude":"77.59254","responsecode":200},{"latitude":"12.95538","longitude":"77.59244","responsecode":200},{"latitude":"12.95547","longitude":"77.5923","responsecode":200},{"latitude":"12.95563","longitude":"77.59214999999999","responsecode":200},{"latitude":"12.955699999999998","longitude":"77.59203999999998","responsecode":200},{"latitude":"12.955839999999998","longitude":"77.59208999999998","responsecode":200},{"latitude":"12.956069999999999","longitude":"77.59218999999999","responsecode":200},{"latitude":"12.956159999999999","longitude":"77.59221999999998","responsecode":200},{"latitude":"12.95671","longitude":"77.59243999999998","responsecode":200},{"latitude":"12.95741","longitude":"77.59269999999998","responsecode":200},{"latitude":"12.95786","longitude":"77.59287999999998","responsecode":200},{"latitude":"12.95811","longitude":"77.59297999999998","responsecode":200},{"latitude":"12.95811","longitude":"77.59298","responsecode":200},{"latitude":"12.95811","longitude":"77.59298","responsecode":200},{"latitude":"12.95848","longitude":"77.59312","responsecode":200},{"latitude":"12.95867","longitude":"77.59318","responsecode":200},{"latitude":"12.95881","longitude":"77.59322","responsecode":200},{"latitude":"12.95922","longitude":"77.59339","responsecode":200},{"latitude":"12.95937","longitude":"77.59345","responsecode":200},{"latitude":"12.95957","longitude":"77.59355000000001","responsecode":200},{"latitude":"12.95994","longitude":"77.59371","responsecode":200},{"latitude":"12.96073","longitude":"77.59399","responsecode":200},{"latitude":"12.96143","longitude":"77.59425","responsecode":200},{"latitude":"12.96168","longitude":"77.59434","responsecode":200},{"latitude":"12.96191","longitude":"77.59444","responsecode":200},{"latitude":"12.96201","longitude":"77.59448","responsecode":200},{"latitude":"12.96209","longitude":"77.59454000000001","responsecode":200},{"latitude":"12.9622","longitude":"77.59465000000002","responsecode":200},{"latitude":"12.962309999999999","longitude":"77.59478000000001","responsecode":200},{"latitude":"12.962379999999998","longitude":"77.59485000000001","responsecode":200},{"latitude":"12.962439999999997","longitude":"77.59496000000001","responsecode":200},{"latitude":"12.962639999999997","longitude":"77.59522000000001","responsecode":200},{"latitude":"12.963209999999997","longitude":"77.59587","responsecode":200},{"latitude":"12.963309999999996","longitude":"77.59597000000001","responsecode":200},{"latitude":"12.963539999999997","longitude":"77.59617000000001","responsecode":200},{"latitude":"12.963909999999997","longitude":"77.59642000000001","responsecode":200},{"latitude":"12.963999999999997","longitude":"77.59647000000001","responsecode":200},{"latitude":"12.964229999999997","longitude":"77.59662000000002","responsecode":200},{"latitude":"12.964609999999997","longitude":"77.59678000000001","responsecode":200},{"latitude":"12.964779999999998","longitude":"77.59683000000001","responsecode":200},{"latitude":"12.964839999999997","longitude":"77.59685000000002","responsecode":200},{"latitude":"12.964889999999997","longitude":"77.59687000000002","responsecode":200},{"latitude":"12.964959999999996","longitude":"77.59690000000002","responsecode":200},{"latitude":"12.965069999999995","longitude":"77.59695000000002","responsecode":200},{"latitude":"12.965139999999995","longitude":"77.59699000000002","responsecode":200},{"latitude":"12.965239999999994","longitude":"77.59706000000001","responsecode":200},{"latitude":"12.965309999999993","longitude":"77.59712000000002","responsecode":200},{"latitude":"12.965369999999993","longitude":"77.59719000000001","responsecode":200},{"latitude":"12.966099999999994","longitude":"77.59812000000001","responsecode":200},{"latitude":"12.966169999999993","longitude":"77.59823000000002","responsecode":200},{"latitude":"12.966419999999992","longitude":"77.59850000000002","responsecode":200},{"latitude":"12.966529999999992","longitude":"77.59860000000002","responsecode":200},{"latitude":"12.966809999999992","longitude":"77.59890000000001","responsecode":200},{"latitude":"12.966929999999993","longitude":"77.59903000000001","responsecode":200},{"latitude":"12.967159999999993","longitude":"77.59929000000001","responsecode":200},{"latitude":"12.967279999999993","longitude":"77.59942000000001","responsecode":200},{"latitude":"12.96728","longitude":"77.59942","responsecode":200},{"latitude":"12.96728","longitude":"77.59942","responsecode":200},{"latitude":"12.96746","longitude":"77.5996","responsecode":200},{"latitude":"12.967690000000001","longitude":"77.59989999999999","responsecode":200},{"latitude":"12.96793","longitude":"77.60023","responsecode":200},{"latitude":"12.967960000000001","longitude":"77.60028","responsecode":200},{"latitude":"12.968020000000001","longitude":"77.60037","responsecode":200},{"latitude":"12.968200000000001","longitude":"77.60067","responsecode":200},{"latitude":"12.968560000000002","longitude":"77.60123999999999","responsecode":200},{"latitude":"12.968800000000002","longitude":"77.60164999999999","responsecode":200},{"latitude":"12.968900000000001","longitude":"77.6018","responsecode":200},{"latitude":"12.969020000000002","longitude":"77.60197","responsecode":200},{"latitude":"12.969100000000003","longitude":"77.60207","responsecode":200},{"latitude":"12.969200000000003","longitude":"77.60218","responsecode":200},{"latitude":"12.969290000000003","longitude":"77.60227","responsecode":200},{"latitude":"12.969400000000002","longitude":"77.6024","responsecode":200},{"latitude":"12.969520000000003","longitude":"77.60254","responsecode":200},{"latitude":"12.969620000000003","longitude":"77.60267","responsecode":200},{"latitude":"12.969710000000003","longitude":"77.60279","responsecode":200},{"latitude":"12.969810000000003","longitude":"77.60293","responsecode":200},{"latitude":"12.970200000000002","longitude":"77.60348","responsecode":200},{"latitude":"12.970410000000001","longitude":"77.60379","responsecode":200},{"latitude":"12.970490000000002","longitude":"77.60391","responsecode":200},{"latitude":"12.970550000000001","longitude":"77.60401","responsecode":200},{"latitude":"12.970600000000001","longitude":"77.6041","responsecode":200},{"latitude":"12.970640000000001","longitude":"77.60419","responsecode":200},{"latitude":"12.970680000000002","longitude":"77.60428","responsecode":200},{"latitude":"12.970760000000002","longitude":"77.60446","responsecode":200},{"latitude":"12.970860000000002","longitude":"77.60468","responsecode":200},{"latitude":"12.970950000000002","longitude":"77.60474","responsecode":200},{"latitude":"12.971040000000002","longitude":"77.60478","responsecode":200},{"latitude":"12.971160000000003","longitude":"77.60473","responsecode":200},{"latitude":"12.971380000000003","longitude":"77.60464","responsecode":200},{"latitude":"12.971790000000004","longitude":"77.60446","responsecode":200},{"latitude":"12.971926000000003","longitude":"77.604392","responsecode":200},{"latitude":"12.971926","longitude":"77.604392","responsecode":200},{"latitude":"12.97213","longitude":"77.60429","responsecode":200},{"latitude":"12.97222","longitude":"77.60423","responsecode":200},{"latitude":"12.97232","longitude":"77.60413","responsecode":200},{"latitude":"12.97244","longitude":"77.60392","responsecode":200},{"latitude":"12.97255","longitude":"77.60373","responsecode":200},{"latitude":"12.97268","longitude":"77.60352999999999","responsecode":200},{"latitude":"12.97275","longitude":"77.60341","responsecode":200},{"latitude":"12.97278","longitude":"77.60334999999999","responsecode":200},{"latitude":"12.97281","longitude":"77.60327","responsecode":200},{"latitude":"12.972840000000001","longitude":"77.60315","responsecode":200},{"latitude":"12.972850000000001","longitude":"77.60305","responsecode":200},{"latitude":"12.97286","longitude":"77.60293999999999","responsecode":200},{"latitude":"12.972900000000001","longitude":"77.60239999999999","responsecode":200},{"latitude":"12.972930000000002","longitude":"77.60204999999999","responsecode":200},{"latitude":"12.97295","longitude":"77.60163999999999","responsecode":200},{"latitude":"12.97295","longitude":"77.60153999999999","responsecode":200},{"latitude":"12.973030000000001","longitude":"77.60146999999999","responsecode":200},{"latitude":"12.973120000000002","longitude":"77.60143","responsecode":200},{"latitude":"12.973220000000001","longitude":"77.60139","responsecode":200},{"latitude":"12.97333","longitude":"77.60136","responsecode":200},{"latitude":"12.973690000000001","longitude":"77.60141","responsecode":200},{"latitude":"12.974190000000002","longitude":"77.60149","responsecode":200},{"latitude":"12.974410000000002","longitude":"77.60151","responsecode":200},{"latitude":"12.97441","longitude":"77.60151","responsecode":200},{"latitude":"12.97441","longitude":"77.60151","responsecode":200},{"latitude":"12.97478","longitude":"77.60155","responsecode":200},{"latitude":"12.974870000000001","longitude":"77.60156","responsecode":200},{"latitude":"12.975100000000001","longitude":"77.60157000000001","responsecode":200},{"latitude":"12.975480000000001","longitude":"77.60159000000002","responsecode":200},{"latitude":"12.97573","longitude":"77.60161000000002","responsecode":200},{"latitude":"12.97636","longitude":"77.60177000000002","responsecode":200},{"latitude":"12.9765","longitude":"77.60180000000001","responsecode":200},{"latitude":"12.97665","longitude":"77.60176000000001","responsecode":200},{"latitude":"12.97675","longitude":"77.60179000000001","responsecode":200},{"latitude":"12.976899999999999","longitude":"77.60184000000001","responsecode":200},{"latitude":"12.977339999999998","longitude":"77.60194000000001","responsecode":200},{"latitude":"12.977784999999997","longitude":"77.60205900000001","responsecode":200},{"latitude":"12.977785","longitude":"77.602059","responsecode":200},{"latitude":"12.97794","longitude":"77.6021","responsecode":200},{"latitude":"12.9791","longitude":"77.60237","responsecode":200},{"latitude":"12.979220000000002","longitude":"77.60239999999999","responsecode":200},{"latitude":"12.979310000000002","longitude":"77.60246999999998","responsecode":200},{"latitude":"12.979570000000002","longitude":"77.60253999999998","responsecode":200},{"latitude":"12.980150000000002","longitude":"77.60270999999997","responsecode":200},{"latitude":"12.980500000000001","longitude":"77.60282999999997","responsecode":200},{"latitude":"12.98075","longitude":"77.60291999999997","responsecode":200},{"latitude":"12.98171","longitude":"77.60323999999997","responsecode":200},{"latitude":"12.981919999999999","longitude":"77.60330999999996","responsecode":200},{"latitude":"12.98209","longitude":"77.60336999999997","responsecode":200},{"latitude":"12.982199999999999","longitude":"77.60341999999997","responsecode":200},{"latitude":"12.982269999999998","longitude":"77.60340999999997","responsecode":200},{"latitude":"12.982349999999999","longitude":"77.60338999999996","responsecode":200},{"latitude":"12.982709999999999","longitude":"77.60325999999996","responsecode":200},{"latitude":"12.982779999999998","longitude":"77.60323999999996","responsecode":200},{"latitude":"12.982809999999999","longitude":"77.60323999999996","responsecode":200},{"latitude":"12.98281","longitude":"77.60324","responsecode":200},{"latitude":"12.98281","longitude":"77.60324","responsecode":200},{"latitude":"12.98281","longitude":"77.60325","responsecode":200},{"latitude":"12.98295","longitude":"77.60297","responsecode":200},{"latitude":"12.98328","longitude":"77.60304","responsecode":200}],"Message":"Success","Issuccess":true,"exception":null,"RowCount":736,"responsecode":200}