{"data":[{"latitude":"12.92503","longitude":"77.52658","responsecode":200},{"latitude":"12.925189999999999","longitude":"77.52619999999999","responsecode":200},{"latitude":"12.92527","longitude":"77.52604","responsecode":200},{"latitude":"12.92525","longitude":"77.52599","responsecode":200},{"latitude":"12.92541","longitude":"77.52551","responsecode":200},{"latitude":"12.925519999999999","longitude":"77.52501","responsecode":200},{"latitude":"12.92555","longitude":"77.52471","responsecode":200},{"latitude":"12.92554","longitude":"77.52447","responsecode":200},{"latitude":"12.92548","longitude":"77.52416","responsecode":200},{"latitude":"12.925410000000001","longitude":"77.52383999999999","responsecode":200},{"latitude":"12.925370000000001","longitude":"77.52368","responsecode":200},{"latitude":"12.92528","longitude":"77.52336","responsecode":200},{"latitude":"12.925220000000001","longitude":"77.52308","responsecode":200},{"latitude":"12.92529","longitude":"77.52305","responsecode":200},{"latitude":"12.92554","longitude":"77.52273","responsecode":200},{"latitude":"12.92562","longitude":"77.52252999999999","responsecode":200},{"latitude":"12.92577","longitude":"77.52211999999999","responsecode":200},{"latitude":"12.92593","longitude":"77.52170999999998","responsecode":200},{"latitude":"12.926089999999999","longitude":"77.52129999999998","responsecode":200},{"latitude":"12.926249999999998","longitude":"77.52090999999999","responsecode":200},{"latitude":"12.926389999999998","longitude":"77.52047999999999","responsecode":200},{"latitude":"12.926569999999998","longitude":"77.52000999999998","responsecode":200},{"latitude":"12.92657","longitude":"77.52001","responsecode":200},{"latitude":"12.92657","longitude":"77.52001","responsecode":200},{"latitude":"12.92665","longitude":"77.51953","responsecode":200},{"latitude":"12.92562","longitude":"77.51945","responsecode":200},{"latitude":"12.9252","longitude":"77.51942000000001","responsecode":200},{"latitude":"12.92461","longitude":"77.51929000000001","responsecode":200},{"latitude":"12.924479999999999","longitude":"77.51922000000002","responsecode":200},{"latitude":"12.92424","longitude":"77.51909000000002","responsecode":200},{"latitude":"12.92436","longitude":"77.51880000000001","responsecode":200},{"latitude":"12.92465","longitude":"77.51826000000001","responsecode":200},{"latitude":"12.92474","longitude":"77.51811000000001","responsecode":200},{"latitude":"12.924818","longitude":"77.51798500000001","responsecode":200},{"latitude":"12.924818","longitude":"77.517985","responsecode":200},{"latitude":"12.92489","longitude":"77.51787","responsecode":200},{"latitude":"12.92508","longitude":"77.51758","responsecode":200},{"latitude":"12.925429999999999","longitude":"77.51713","responsecode":200},{"latitude":"12.925999999999998","longitude":"77.5162","responsecode":200},{"latitude":"12.926129999999999","longitude":"77.51584","responsecode":200},{"latitude":"12.926229999999999","longitude":"77.51548","responsecode":200},{"latitude":"12.926289999999998","longitude":"77.51523999999999","responsecode":200},{"latitude":"12.926359999999997","longitude":"77.51494999999998","responsecode":200},{"latitude":"12.926389999999998","longitude":"77.51473999999999","responsecode":200},{"latitude":"12.926399999999997","longitude":"77.51449999999998","responsecode":200},{"latitude":"12.9264","longitude":"77.5145","responsecode":200},{"latitude":"12.9264","longitude":"77.5145","responsecode":200},{"latitude":"12.9264","longitude":"77.51426","responsecode":200},{"latitude":"12.926369999999999","longitude":"77.51348999999999","responsecode":200},{"latitude":"12.926369999999999","longitude":"77.51286999999999","responsecode":200},{"latitude":"12.926379999999998","longitude":"77.51223999999999","responsecode":200},{"latitude":"12.926379999999998","longitude":"77.51159","responsecode":200},{"latitude":"12.926389999999998","longitude":"77.51146","responsecode":200},{"latitude":"12.926399999999997","longitude":"77.51123","responsecode":200},{"latitude":"12.926409999999997","longitude":"77.51098","responsecode":200},{"latitude":"12.926479999999996","longitude":"77.51093","responsecode":200},{"latitude":"12.926770999999997","longitude":"77.511025","responsecode":200},{"latitude":"12.926771","longitude":"77.511025","responsecode":200},{"latitude":"12.927","longitude":"77.5111","responsecode":200},{"latitude":"12.92722","longitude":"77.51116999999999","responsecode":200},{"latitude":"12.92731","longitude":"77.51119","responsecode":200},{"latitude":"12.927950000000001","longitude":"77.51116","responsecode":200},{"latitude":"12.92792","longitude":"77.51172","responsecode":200},{"latitude":"12.92787","longitude":"77.51235","responsecode":200},{"latitude":"12.92782","longitude":"77.51293","responsecode":200},{"latitude":"12.92779","longitude":"77.51357","responsecode":200},{"latitude":"12.92777","longitude":"77.51396","responsecode":200},{"latitude":"12.927767000000001","longitude":"77.51404","responsecode":200},{"latitude":"12.927767","longitude":"77.51404","responsecode":200},{"latitude":"12.92776","longitude":"77.51427","responsecode":200},{"latitude":"12.928199999999999","longitude":"77.51422","responsecode":200},{"latitude":"12.928409999999998","longitude":"77.51423","responsecode":200},{"latitude":"12.928509999999998","longitude":"77.51424","responsecode":200},{"latitude":"12.928599999999998","longitude":"77.51426000000001","responsecode":200},{"latitude":"12.928909999999998","longitude":"77.51434","responsecode":200},{"latitude":"12.929019999999998","longitude":"77.51437","responsecode":200},{"latitude":"12.929199999999998","longitude":"77.51443","responsecode":200},{"latitude":"12.929389999999998","longitude":"77.51449000000001","responsecode":200},{"latitude":"12.929559999999999","longitude":"77.51454000000001","responsecode":200},{"latitude":"12.93006","longitude":"77.51472000000001","responsecode":200},{"latitude":"12.93019","longitude":"77.51476000000001","responsecode":200},{"latitude":"12.93047","longitude":"77.51487000000002","responsecode":200},{"latitude":"12.930959999999999","longitude":"77.51503000000001","responsecode":200},{"latitude":"12.931239999999999","longitude":"77.51513000000001","responsecode":200},{"latitude":"12.931989999999999","longitude":"77.51557000000001","responsecode":200},{"latitude":"12.93239","longitude":"77.51584000000001","responsecode":200},{"latitude":"12.93252","longitude":"77.51593000000001","responsecode":200},{"latitude":"12.93263","longitude":"77.51601000000001","responsecode":200},{"latitude":"12.932739999999999","longitude":"77.51610000000001","responsecode":200},{"latitude":"12.932808","longitude":"77.51616200000001","responsecode":200},{"latitude":"12.932808","longitude":"77.516162","responsecode":200},{"latitude":"12.93286","longitude":"77.51621","responsecode":200},{"latitude":"12.9331","longitude":"77.51641000000001","responsecode":200},{"latitude":"12.93329","longitude":"77.51653","responsecode":200},{"latitude":"12.93348","longitude":"77.51667","responsecode":200},{"latitude":"12.93417","longitude":"77.51714000000001","responsecode":200},{"latitude":"12.93474","longitude":"77.51761000000002","responsecode":200},{"latitude":"12.934849999999999","longitude":"77.51773000000001","responsecode":200},{"latitude":"12.934899999999999","longitude":"77.51777000000001","responsecode":200},{"latitude":"12.935039999999999","longitude":"77.51788000000002","responsecode":200},{"latitude":"12.93521","longitude":"77.51798000000002","responsecode":200},{"latitude":"12.93555","longitude":"77.51810000000002","responsecode":200},{"latitude":"12.93591","longitude":"77.51823000000002","responsecode":200},{"latitude":"12.93604","longitude":"77.51827000000002","responsecode":200},{"latitude":"12.93631","longitude":"77.51832000000002","responsecode":200},{"latitude":"12.93645","longitude":"77.51833000000002","responsecode":200},{"latitude":"12.93646","longitude":"77.51845000000002","responsecode":200},{"latitude":"12.93648","longitude":"77.51861100000002","responsecode":200},{"latitude":"12.93648","longitude":"77.518611","responsecode":200},{"latitude":"12.936499999999999","longitude":"77.51878","responsecode":200},{"latitude":"12.936569999999998","longitude":"77.51901000000001","responsecode":200},{"latitude":"12.936659999999998","longitude":"77.51930000000002","responsecode":200},{"latitude":"12.936769999999997","longitude":"77.51965000000001","responsecode":200},{"latitude":"12.936899999999998","longitude":"77.52002000000002","responsecode":200},{"latitude":"12.937039999999998","longitude":"77.52034000000002","responsecode":200},{"latitude":"12.937099999999997","longitude":"77.52044000000002","responsecode":200},{"latitude":"12.937149999999997","longitude":"77.52052000000002","responsecode":200},{"latitude":"12.937229999999998","longitude":"77.52061000000002","responsecode":200},{"latitude":"12.937559999999998","longitude":"77.52094000000002","responsecode":200},{"latitude":"12.937759999999997","longitude":"77.52113000000003","responsecode":200},{"latitude":"12.937889999999998","longitude":"77.52124000000003","responsecode":200},{"latitude":"12.937989999999997","longitude":"77.52134000000004","responsecode":200},{"latitude":"12.938079999999998","longitude":"77.52144000000004","responsecode":200},{"latitude":"12.938379999999997","longitude":"77.52182000000005","responsecode":200},{"latitude":"12.938459999999997","longitude":"77.52194000000004","responsecode":200},{"latitude":"12.938539999999998","longitude":"77.52204000000005","responsecode":200},{"latitude":"12.938659999999999","longitude":"77.52222000000005","responsecode":200},{"latitude":"12.93878","longitude":"77.52241000000005","responsecode":200},{"latitude":"12.93892","longitude":"77.52262000000005","responsecode":200},{"latitude":"12.93906","longitude":"77.52284000000004","responsecode":200},{"latitude":"12.93921","longitude":"77.52302000000005","responsecode":200},{"latitude":"12.93962","longitude":"77.52339000000005","responsecode":200},{"latitude":"12.93984","longitude":"77.52359000000006","responsecode":200},{"latitude":"12.93986","longitude":"77.52361000000006","responsecode":200},{"latitude":"12.93986","longitude":"77.52361","responsecode":200},{"latitude":"12.939919999999999","longitude":"77.52367000000001","responsecode":200},{"latitude":"12.940059999999999","longitude":"77.52380000000001","responsecode":200},{"latitude":"12.940249999999999","longitude":"77.52396","responsecode":200},{"latitude":"12.940399999999999","longitude":"77.52408","responsecode":200},{"latitude":"12.940959999999999","longitude":"77.5245","responsecode":200},{"latitude":"12.941209999999998","longitude":"77.52468","responsecode":200},{"latitude":"12.941359999999998","longitude":"77.52477","responsecode":200},{"latitude":"12.942139999999998","longitude":"77.52525","responsecode":200},{"latitude":"12.942439999999998","longitude":"77.52544","responsecode":200},{"latitude":"12.942499999999997","longitude":"77.52550000000001","responsecode":200},{"latitude":"12.942559999999997","longitude":"77.52555000000001","responsecode":200},{"latitude":"12.942689999999997","longitude":"77.52565000000001","responsecode":200},{"latitude":"12.942839999999997","longitude":"77.52575000000002","responsecode":200},{"latitude":"12.942870999999997","longitude":"77.52577300000002","responsecode":200},{"latitude":"12.942871","longitude":"77.525773","responsecode":200},{"latitude":"12.94299","longitude":"77.52586","responsecode":200},{"latitude":"12.94316","longitude":"77.52597999999999","responsecode":200},{"latitude":"12.94327","longitude":"77.52606999999999","responsecode":200},{"latitude":"12.94357","longitude":"77.52627999999999","responsecode":200},{"latitude":"12.9438","longitude":"77.52642999999999","responsecode":200},{"latitude":"12.944099999999999","longitude":"77.52667","responsecode":200},{"latitude":"12.944159999999998","longitude":"77.52672","responsecode":200},{"latitude":"12.94428","longitude":"77.52683999999999","responsecode":200},{"latitude":"12.9444","longitude":"77.52699","responsecode":200},{"latitude":"12.94466","longitude":"77.52726","responsecode":200},{"latitude":"12.944880000000001","longitude":"77.52749","responsecode":200},{"latitude":"12.94499","longitude":"77.52761","responsecode":200},{"latitude":"12.945160000000001","longitude":"77.52779","responsecode":200},{"latitude":"12.945330000000002","longitude":"77.52798","responsecode":200},{"latitude":"12.945480000000002","longitude":"77.52807","responsecode":200},{"latitude":"12.94555","longitude":"77.52811","responsecode":200},{"latitude":"12.94565","longitude":"77.52817","responsecode":200},{"latitude":"12.945730000000001","longitude":"77.52823000000001","responsecode":200},{"latitude":"12.94579","longitude":"77.5283","responsecode":200},{"latitude":"12.94585","longitude":"77.52839","responsecode":200},{"latitude":"12.94589","longitude":"77.52847","responsecode":200},{"latitude":"12.945920000000001","longitude":"77.52858","responsecode":200},{"latitude":"12.945920000000001","longitude":"77.52872","responsecode":200},{"latitude":"12.945910000000001","longitude":"77.52882000000001","responsecode":200},{"latitude":"12.945900000000002","longitude":"77.52890000000001","responsecode":200},{"latitude":"12.946240000000001","longitude":"77.52949000000001","responsecode":200},{"latitude":"12.946356000000002","longitude":"77.529746","responsecode":200},{"latitude":"12.946356","longitude":"77.529746","responsecode":200},{"latitude":"12.94664","longitude":"77.53037","responsecode":200},{"latitude":"12.9467","longitude":"77.5305","responsecode":200},{"latitude":"12.946769999999999","longitude":"77.53067","responsecode":200},{"latitude":"12.94685","longitude":"77.53084","responsecode":200},{"latitude":"12.947049999999999","longitude":"77.53126999999999","responsecode":200},{"latitude":"12.94713","longitude":"77.53146","responsecode":200},{"latitude":"12.947199999999999","longitude":"77.53168","responsecode":200},{"latitude":"12.947249999999999","longitude":"77.53188","responsecode":200},{"latitude":"12.947349999999998","longitude":"77.53225","responsecode":200},{"latitude":"12.947449999999998","longitude":"77.5326","responsecode":200},{"latitude":"12.947479999999999","longitude":"77.5327","responsecode":200},{"latitude":"12.947499999999998","longitude":"77.53284000000001","responsecode":200},{"latitude":"12.947489999999998","longitude":"77.53296","responsecode":200},{"latitude":"12.947669999999999","longitude":"77.53353","responsecode":200},{"latitude":"12.947719999999999","longitude":"77.5337","responsecode":200},{"latitude":"12.947769999999998","longitude":"77.53384","responsecode":200},{"latitude":"12.947829999999998","longitude":"77.53399999999999","responsecode":200},{"latitude":"12.947899999999997","longitude":"77.53416999999999","responsecode":200},{"latitude":"12.948059999999996","longitude":"77.53447999999999","responsecode":200},{"latitude":"12.948139999999997","longitude":"77.53460999999999","responsecode":200},{"latitude":"12.948279999999997","longitude":"77.53482999999999","responsecode":200},{"latitude":"12.948559999999997","longitude":"77.53530999999998","responsecode":200},{"latitude":"12.948719999999996","longitude":"77.53557999999998","responsecode":200},{"latitude":"12.948803999999996","longitude":"77.53571399999998","responsecode":200},{"latitude":"12.948804","longitude":"77.535714","responsecode":200},{"latitude":"12.948870000000001","longitude":"77.53582","responsecode":200},{"latitude":"12.94898","longitude":"77.53598","responsecode":200},{"latitude":"12.94913","longitude":"77.53617","responsecode":200},{"latitude":"12.9494","longitude":"77.53648","responsecode":200},{"latitude":"12.949760000000001","longitude":"77.53684","responsecode":200},{"latitude":"12.949910000000001","longitude":"77.53701","responsecode":200},{"latitude":"12.950080000000002","longitude":"77.53721","responsecode":200},{"latitude":"12.950170000000002","longitude":"77.53729","responsecode":200},{"latitude":"12.950250000000002","longitude":"77.53735","responsecode":200},{"latitude":"12.950330000000003","longitude":"77.53739","responsecode":200},{"latitude":"12.950420000000003","longitude":"77.53742","responsecode":200},{"latitude":"12.950540000000004","longitude":"77.53744999999999","responsecode":200},{"latitude":"12.950670000000004","longitude":"77.53746","responsecode":200},{"latitude":"12.950790000000005","longitude":"77.53747","responsecode":200},{"latitude":"12.951280000000004","longitude":"77.53728","responsecode":200},{"latitude":"12.951380000000004","longitude":"77.537241","responsecode":200},{"latitude":"12.95138","longitude":"77.537241","responsecode":200},{"latitude":"12.95159","longitude":"77.53716","responsecode":200},{"latitude":"12.95195","longitude":"77.53704","responsecode":200},{"latitude":"12.952","longitude":"77.53714000000001","responsecode":200},{"latitude":"12.95216","longitude":"77.53717","responsecode":200},{"latitude":"12.952309999999999","longitude":"77.53723000000001","responsecode":200},{"latitude":"12.95249","longitude":"77.53732000000001","responsecode":200},{"latitude":"12.952689999999999","longitude":"77.53742000000001","responsecode":200},{"latitude":"12.952739999999999","longitude":"77.53745","responsecode":200},{"latitude":"12.952839999999998","longitude":"77.53751000000001","responsecode":200},{"latitude":"12.952939999999998","longitude":"77.53760000000001","responsecode":200},{"latitude":"12.952979999999998","longitude":"77.53763000000001","responsecode":200},{"latitude":"12.953029999999998","longitude":"77.53769000000001","responsecode":200},{"latitude":"12.953059999999999","longitude":"77.53773000000001","responsecode":200},{"latitude":"12.95309","longitude":"77.53779000000002","responsecode":200},{"latitude":"12.953149999999999","longitude":"77.53794000000002","responsecode":200},{"latitude":"12.95318","longitude":"77.53805000000003","responsecode":200},{"latitude":"12.95323","longitude":"77.53831000000002","responsecode":200},{"latitude":"12.953149999999999","longitude":"77.53890000000003","responsecode":200},{"latitude":"12.95305","longitude":"77.53975000000003","responsecode":200},{"latitude":"12.953009999999999","longitude":"77.54001000000002","responsecode":200},{"latitude":"12.95295","longitude":"77.54028000000002","responsecode":200},{"latitude":"12.9529","longitude":"77.54047000000003","responsecode":200},{"latitude":"12.952919999999999","longitude":"77.54060000000003","responsecode":200},{"latitude":"12.95291","longitude":"77.54080000000003","responsecode":200},{"latitude":"12.952919999999999","longitude":"77.54116000000003","responsecode":200},{"latitude":"12.952929999999999","longitude":"77.54131000000004","responsecode":200},{"latitude":"12.95296","longitude":"77.54143000000003","responsecode":200},{"latitude":"12.952979999999998","longitude":"77.54148000000004","responsecode":200},{"latitude":"12.953009999999999","longitude":"77.54154000000004","responsecode":200},{"latitude":"12.95305","longitude":"77.54160000000005","responsecode":200},{"latitude":"12.95317","longitude":"77.54176000000004","responsecode":200},{"latitude":"12.95323","longitude":"77.54183000000003","responsecode":200},{"latitude":"12.95323","longitude":"77.54183","responsecode":200},{"latitude":"12.95323","longitude":"77.54183","responsecode":200},{"latitude":"12.95337","longitude":"77.54199","responsecode":200},{"latitude":"12.95352","longitude":"77.54217","responsecode":200},{"latitude":"12.95361","longitude":"77.5423","responsecode":200},{"latitude":"12.953669999999999","longitude":"77.54241999999999","responsecode":200},{"latitude":"12.9537","longitude":"77.54249999999999","responsecode":200},{"latitude":"12.953859999999999","longitude":"77.54297","responsecode":200},{"latitude":"12.953909999999999","longitude":"77.54314","responsecode":200},{"latitude":"12.953969999999998","longitude":"77.54329999999999","responsecode":200},{"latitude":"12.954039999999997","longitude":"77.54344999999999","responsecode":200},{"latitude":"12.954109999999996","longitude":"77.54356999999999","responsecode":200},{"latitude":"12.954159999999996","longitude":"77.54365999999999","responsecode":200},{"latitude":"12.954279999999997","longitude":"77.54382999999999","responsecode":200},{"latitude":"12.954469999999997","longitude":"77.54405999999999","responsecode":200},{"latitude":"12.954979999999997","longitude":"77.54460999999999","responsecode":200},{"latitude":"12.955199999999998","longitude":"77.54485999999999","responsecode":200},{"latitude":"12.955359999999997","longitude":"77.54506999999998","responsecode":200},{"latitude":"12.955469999999996","longitude":"77.54523999999998","responsecode":200},{"latitude":"12.955873999999996","longitude":"77.54595399999998","responsecode":200},{"latitude":"12.955874","longitude":"77.545954","responsecode":200},{"latitude":"12.9559","longitude":"77.54599999999999","responsecode":200},{"latitude":"12.95607","longitude":"77.54629999999999","responsecode":200},{"latitude":"12.95618","longitude":"77.54651999999999","responsecode":200},{"latitude":"12.95626","longitude":"77.54668999999998","responsecode":200},{"latitude":"12.95632","longitude":"77.54683999999999","responsecode":200},{"latitude":"12.95637","longitude":"77.54699","responsecode":200},{"latitude":"12.95641","longitude":"77.54714999999999","responsecode":200},{"latitude":"12.95654","longitude":"77.54779999999998","responsecode":200},{"latitude":"12.956660000000001","longitude":"77.54842999999998","responsecode":200},{"latitude":"12.956690000000002","longitude":"77.54856999999998","responsecode":200},{"latitude":"12.956750000000001","longitude":"77.54884999999999","responsecode":200},{"latitude":"12.956780000000002","longitude":"77.54901999999998","responsecode":200},{"latitude":"12.956860000000002","longitude":"77.54955999999999","responsecode":200},{"latitude":"12.956880000000002","longitude":"77.54968999999998","responsecode":200},{"latitude":"12.956930000000002","longitude":"77.55004999999998","responsecode":200},{"latitude":"12.957","longitude":"77.55048999999998","responsecode":200},{"latitude":"12.95705","longitude":"77.55073999999998","responsecode":200},{"latitude":"12.95709","longitude":"77.55089999999997","responsecode":200},{"latitude":"12.95714","longitude":"77.55105999999996","responsecode":200},{"latitude":"12.95716","longitude":"77.55112999999996","responsecode":200},{"latitude":"12.95721","longitude":"77.55128999999995","responsecode":200},{"latitude":"12.95732","longitude":"77.55167999999995","responsecode":200},{"latitude":"12.95732","longitude":"77.55168","responsecode":200},{"latitude":"12.95732","longitude":"77.55168","responsecode":200},{"latitude":"12.957379999999999","longitude":"77.55186","responsecode":200},{"latitude":"12.957439999999998","longitude":"77.55205000000001","responsecode":200},{"latitude":"12.957469999999999","longitude":"77.55215000000001","responsecode":200},{"latitude":"12.957579999999998","longitude":"77.55248000000002","responsecode":200},{"latitude":"12.957719999999998","longitude":"77.55288000000002","responsecode":200},{"latitude":"12.957829999999998","longitude":"77.55321000000002","responsecode":200},{"latitude":"12.957929999999998","longitude":"77.55349000000002","responsecode":200},{"latitude":"12.958039999999997","longitude":"77.55379000000002","responsecode":200},{"latitude":"12.958129999999997","longitude":"77.55405000000002","responsecode":200},{"latitude":"12.958209999999998","longitude":"77.55429000000002","responsecode":200},{"latitude":"12.958329999999998","longitude":"77.55463000000002","responsecode":200},{"latitude":"12.958409999999999","longitude":"77.55481000000002","responsecode":200},{"latitude":"12.958549999999999","longitude":"77.55500000000002","responsecode":200},{"latitude":"12.95867","longitude":"77.55513000000002","responsecode":200},{"latitude":"12.95882","longitude":"77.55527000000002","responsecode":200},{"latitude":"12.95923","longitude":"77.55553000000002","responsecode":200},{"latitude":"12.95948","longitude":"77.55570000000002","responsecode":200},{"latitude":"12.9596","longitude":"77.55579000000002","responsecode":200},{"latitude":"12.95975","longitude":"77.55593000000002","responsecode":200},{"latitude":"12.95988","longitude":"77.55610000000001","responsecode":200},{"latitude":"12.96","longitude":"77.55629000000002","responsecode":200},{"latitude":"12.96011","longitude":"77.55645000000001","responsecode":200},{"latitude":"12.96027","longitude":"77.55669000000002","responsecode":200},{"latitude":"12.960381","longitude":"77.55685600000001","responsecode":200},{"latitude":"12.960381","longitude":"77.556856","responsecode":200},{"latitude":"12.96041","longitude":"77.5569","responsecode":200},{"latitude":"12.96053","longitude":"77.55708","responsecode":200},{"latitude":"12.96067","longitude":"77.55729","responsecode":200},{"latitude":"12.96076","longitude":"77.55744999999999","responsecode":200},{"latitude":"12.960840000000001","longitude":"77.55758999999999","responsecode":200},{"latitude":"12.960920000000002","longitude":"77.55774","responsecode":200},{"latitude":"12.96099","longitude":"77.55789999999999","responsecode":200},{"latitude":"12.96105","longitude":"77.55806999999999","responsecode":200},{"latitude":"12.96112","longitude":"77.55831999999998","responsecode":200},{"latitude":"12.96115","longitude":"77.55843999999998","responsecode":200},{"latitude":"12.96121","longitude":"77.55867999999998","responsecode":200},{"latitude":"12.961269999999999","longitude":"77.55896999999999","responsecode":200},{"latitude":"12.961319999999999","longitude":"77.55921999999998","responsecode":200},{"latitude":"12.961369999999999","longitude":"77.55946999999998","responsecode":200},{"latitude":"12.96149","longitude":"77.56002999999997","responsecode":200},{"latitude":"12.96153","longitude":"77.56022999999998","responsecode":200},{"latitude":"12.96157","longitude":"77.56042999999998","responsecode":200},{"latitude":"12.96161","longitude":"77.56066999999999","responsecode":200},{"latitude":"12.96163","longitude":"77.56082999999998","responsecode":200},{"latitude":"12.96164","longitude":"77.56099999999998","responsecode":200},{"latitude":"12.961649999999999","longitude":"77.56130999999998","responsecode":200},{"latitude":"12.961649999999999","longitude":"77.56165999999997","responsecode":200},{"latitude":"12.961659999999998","longitude":"77.56204999999997","responsecode":200},{"latitude":"12.961679999999998","longitude":"77.56225999999997","responsecode":200},{"latitude":"12.961729999999998","longitude":"77.56249999999997","responsecode":200},{"latitude":"12.961779999999997","longitude":"77.56270999999997","responsecode":200},{"latitude":"12.961929999999997","longitude":"77.56325999999997","responsecode":200},{"latitude":"12.962049999999998","longitude":"77.56360999999997","responsecode":200},{"latitude":"12.962369999999998","longitude":"77.56443999999996","responsecode":200},{"latitude":"12.962479999999998","longitude":"77.56474999999996","responsecode":200},{"latitude":"12.962609999999998","longitude":"77.56515999999996","responsecode":200},{"latitude":"12.962849999999998","longitude":"77.56594999999996","responsecode":200},{"latitude":"12.962979999999998","longitude":"77.56644999999996","responsecode":200},{"latitude":"12.963039999999998","longitude":"77.56664999999997","responsecode":200},{"latitude":"12.963089999999998","longitude":"77.56679999999997","responsecode":200},{"latitude":"12.963199999999997","longitude":"77.56708999999998","responsecode":200},{"latitude":"12.963349999999997","longitude":"77.56745999999998","responsecode":200},{"latitude":"12.963439999999997","longitude":"77.56756999999999","responsecode":200},{"latitude":"12.963519999999997","longitude":"77.56763","responsecode":200},{"latitude":"12.963569999999997","longitude":"77.56769999999999","responsecode":200},{"latitude":"12.963629999999997","longitude":"77.56781999999998","responsecode":200},{"latitude":"12.963719999999997","longitude":"77.56798999999998","responsecode":200},{"latitude":"12.963779999999996","longitude":"77.56806999999998","responsecode":200},{"latitude":"12.963839999999996","longitude":"77.56812999999998","responsecode":200},{"latitude":"12.963929999999996","longitude":"77.56818999999999","responsecode":200},{"latitude":"12.963999999999995","longitude":"77.56821","responsecode":200},{"latitude":"12.964089999999995","longitude":"77.56822","responsecode":200},{"latitude":"12.964679999999996","longitude":"77.56822","responsecode":200},{"latitude":"12.964889999999995","longitude":"77.56821","responsecode":200},{"latitude":"12.965149999999996","longitude":"77.56819999999999","responsecode":200},{"latitude":"12.965310999999996","longitude":"77.56819399999999","responsecode":200},{"latitude":"12.965311","longitude":"77.568194","responsecode":200},{"latitude":"12.96573","longitude":"77.56818000000001","responsecode":200},{"latitude":"12.965950000000001","longitude":"77.56816","responsecode":200},{"latitude":"12.96611","longitude":"77.56815","responsecode":200},{"latitude":"12.96625","longitude":"77.56815","responsecode":200},{"latitude":"12.96635","longitude":"77.56815","responsecode":200},{"latitude":"12.96641","longitude":"77.56814","responsecode":200},{"latitude":"12.96663","longitude":"77.56813","responsecode":200},{"latitude":"12.96681","longitude":"77.56812","responsecode":200},{"latitude":"12.966980000000001","longitude":"77.56810999999999","responsecode":200},{"latitude":"12.967210000000001","longitude":"77.56809999999999","responsecode":200},{"latitude":"12.967610000000002","longitude":"77.56807999999998","responsecode":200},{"latitude":"12.967810000000002","longitude":"77.56807999999998","responsecode":200},{"latitude":"12.968200000000001","longitude":"77.56806999999998","responsecode":200},{"latitude":"12.968380000000002","longitude":"77.56805999999997","responsecode":200},{"latitude":"12.968620000000001","longitude":"77.56804999999997","responsecode":200},{"latitude":"12.968810000000001","longitude":"77.56804999999997","responsecode":200},{"latitude":"12.969570000000001","longitude":"77.56808999999997","responsecode":200},{"latitude":"12.969970000000002","longitude":"77.56811999999996","responsecode":200},{"latitude":"12.970220000000001","longitude":"77.56814999999996","responsecode":200},{"latitude":"12.970400000000001","longitude":"77.56817999999996","responsecode":200},{"latitude":"12.970630000000002","longitude":"77.56823999999996","responsecode":200},{"latitude":"12.971030000000003","longitude":"77.56834999999997","responsecode":200},{"latitude":"12.971330000000002","longitude":"77.56845999999997","responsecode":200},{"latitude":"12.971800000000002","longitude":"77.56863999999997","responsecode":200},{"latitude":"12.973220000000001","longitude":"77.56912999999997","responsecode":200},{"latitude":"12.973670000000002","longitude":"77.56930999999997","responsecode":200},{"latitude":"12.974260000000003","longitude":"77.56955999999997","responsecode":200},{"latitude":"12.974360000000003","longitude":"77.56960999999997","responsecode":200},{"latitude":"12.974390000000003","longitude":"77.56961999999997","responsecode":200},{"latitude":"12.974490000000003","longitude":"77.56966999999997","responsecode":200},{"latitude":"12.974580000000003","longitude":"77.56973999999997","responsecode":200},{"latitude":"12.974640000000003","longitude":"77.56980999999996","responsecode":200},{"latitude":"12.974670000000003","longitude":"77.56986999999997","responsecode":200},{"latitude":"12.974690000000002","longitude":"77.56994999999996","responsecode":200},{"latitude":"12.974700000000002","longitude":"77.57005999999997","responsecode":200},{"latitude":"12.974710000000002","longitude":"77.57015999999997","responsecode":200},{"latitude":"12.974710000000002","longitude":"77.57026999999998","responsecode":200},{"latitude":"12.974720000000001","longitude":"77.57053999999998","responsecode":200},{"latitude":"12.97478","longitude":"77.57070999999998","responsecode":200},{"latitude":"12.974720000000001","longitude":"77.57084999999998","responsecode":200},{"latitude":"12.974660000000002","longitude":"77.57100999999997","responsecode":200},{"latitude":"12.974630000000001","longitude":"77.57112999999997","responsecode":200},{"latitude":"12.9746","longitude":"77.57128999999996","responsecode":200},{"latitude":"12.974580000000001","longitude":"77.57151999999996","responsecode":200},{"latitude":"12.974560000000002","longitude":"77.57175999999997","responsecode":200},{"latitude":"12.974550000000002","longitude":"77.57204999999998","responsecode":200},{"latitude":"12.974550000000002","longitude":"77.57222999999998","responsecode":200},{"latitude":"12.974550000000002","longitude":"77.57230999999997","responsecode":200},{"latitude":"12.974540000000003","longitude":"77.57254999999998","responsecode":200},{"latitude":"12.974520000000004","longitude":"77.57312999999998","responsecode":200},{"latitude":"12.974510000000004","longitude":"77.57355999999997","responsecode":200},{"latitude":"12.974500000000004","longitude":"77.57365999999998","responsecode":200},{"latitude":"12.974490000000005","longitude":"77.57386999999997","responsecode":200},{"latitude":"12.974490000000005","longitude":"77.57405999999997","responsecode":200},{"latitude":"12.974520000000005","longitude":"77.57424999999998","responsecode":200},{"latitude":"12.974560000000006","longitude":"77.57438999999998","responsecode":200},{"latitude":"12.974610000000006","longitude":"77.57447999999998","responsecode":200},{"latitude":"12.974660000000005","longitude":"77.57453999999998","responsecode":200},{"latitude":"12.974730000000005","longitude":"77.57458999999999","responsecode":200},{"latitude":"12.974810000000005","longitude":"77.57463999999999","responsecode":200},{"latitude":"12.974880000000004","longitude":"77.57467999999999","responsecode":200},{"latitude":"12.975560000000003","longitude":"77.57477999999999","responsecode":200},{"latitude":"12.975880000000004","longitude":"77.57482999999999","responsecode":200},{"latitude":"12.976120000000003","longitude":"77.57484","responsecode":200},{"latitude":"12.976330000000003","longitude":"77.57481999999999","responsecode":200},{"latitude":"12.976550000000003","longitude":"77.57475999999998","responsecode":200},{"latitude":"12.976770000000004","longitude":"77.57467999999999","responsecode":200},{"latitude":"12.976960000000004","longitude":"77.57458999999999","responsecode":200},{"latitude":"12.977140000000004","longitude":"77.57449999999999","responsecode":200},{"latitude":"12.977290000000004","longitude":"77.57438999999998","responsecode":200},{"latitude":"12.977430000000004","longitude":"77.57427999999997","responsecode":200},{"latitude":"12.977610000000004","longitude":"77.57412999999997","responsecode":200},{"latitude":"12.978070000000004","longitude":"77.57375999999996","responsecode":200},{"latitude":"12.978290000000005","longitude":"77.57357999999996","responsecode":200},{"latitude":"12.978430000000005","longitude":"77.57346999999996","responsecode":200},{"latitude":"12.978510000000005","longitude":"77.57339999999996","responsecode":200},{"latitude":"12.978640000000006","longitude":"77.57329999999996","responsecode":200},{"latitude":"12.978770000000006","longitude":"77.57319999999996","responsecode":200},{"latitude":"12.978850000000007","longitude":"77.57307999999996","responsecode":200},{"latitude":"12.979240000000006","longitude":"77.57274999999996","responsecode":200},{"latitude":"12.979490000000006","longitude":"77.57253999999996","responsecode":200},{"latitude":"12.979630000000006","longitude":"77.57244999999996","responsecode":200},{"latitude":"12.979750000000006","longitude":"77.57239999999996","responsecode":200},{"latitude":"12.979890000000006","longitude":"77.57236999999996","responsecode":200},{"latitude":"12.980100000000006","longitude":"77.57236999999996","responsecode":200},{"latitude":"12.980330000000006","longitude":"77.57237999999997","responsecode":200},{"latitude":"12.980520000000006","longitude":"77.57238999999997","responsecode":200},{"latitude":"12.980730000000005","longitude":"77.57242999999997","responsecode":200},{"latitude":"12.980910000000005","longitude":"77.57245999999996","responsecode":200},{"latitude":"12.981760000000005","longitude":"77.57263999999996","responsecode":200},{"latitude":"12.982500000000005","longitude":"77.57277999999997","responsecode":200},{"latitude":"12.982640000000005","longitude":"77.57279999999997","responsecode":200},{"latitude":"12.982810000000006","longitude":"77.57281999999998","responsecode":200},{"latitude":"12.982930000000007","longitude":"77.57282999999998","responsecode":200},{"latitude":"12.983200000000007","longitude":"77.57280999999998","responsecode":200},{"latitude":"12.983400000000007","longitude":"77.57274999999997","responsecode":200},{"latitude":"12.983530000000007","longitude":"77.57270999999997","responsecode":200},{"latitude":"12.983690000000006","longitude":"77.57264999999997","responsecode":200},{"latitude":"12.984140000000007","longitude":"77.57248999999997","responsecode":200},{"latitude":"12.984570000000007","longitude":"77.57233999999997","responsecode":200},{"latitude":"12.984530000000007","longitude":"77.57224999999997","responsecode":200},{"latitude":"12.984020000000006","longitude":"77.57239999999997","responsecode":200},{"latitude":"12.983590000000007","longitude":"77.57254999999998","responsecode":200},{"latitude":"12.983460000000006","longitude":"77.57259999999998","responsecode":200},{"latitude":"12.983240000000006","longitude":"77.57266999999997","responsecode":200},{"latitude":"12.983120000000005","longitude":"77.57270999999997","responsecode":200},{"latitude":"12.983010000000005","longitude":"77.57273999999997","responsecode":200},{"latitude":"12.982910000000006","longitude":"77.57274999999997","responsecode":200},{"latitude":"12.982790000000005","longitude":"77.57273999999997","responsecode":200},{"latitude":"12.982670000000004","longitude":"77.57271999999996","responsecode":200},{"latitude":"12.982160000000004","longitude":"77.57262999999996","responsecode":200},{"latitude":"12.980880000000004","longitude":"77.57236999999996","responsecode":200},{"latitude":"12.980730000000005","longitude":"77.57233999999997","responsecode":200},{"latitude":"12.980510000000004","longitude":"77.57230999999997","responsecode":200},{"latitude":"12.980320000000004","longitude":"77.57229999999997","responsecode":200},{"latitude":"12.980100000000004","longitude":"77.57227999999996","responsecode":200},{"latitude":"12.979920000000003","longitude":"77.57227999999996","responsecode":200},{"latitude":"12.979760000000004","longitude":"77.57229999999997","responsecode":200},{"latitude":"12.979620000000004","longitude":"77.57233999999997","responsecode":200},{"latitude":"12.979460000000005","longitude":"77.57243999999997","responsecode":200},{"latitude":"12.979190000000004","longitude":"77.57262999999998","responsecode":200},{"latitude":"12.978780000000004","longitude":"77.57295999999998","responsecode":200},{"latitude":"12.978550000000004","longitude":"77.57312999999998","responsecode":200},{"latitude":"12.978280000000003","longitude":"77.57337999999997","responsecode":200},{"latitude":"12.977560000000004","longitude":"77.57399999999997","responsecode":200},{"latitude":"12.977550000000004","longitude":"77.57390999999997","responsecode":200},{"latitude":"12.977560000000004","longitude":"77.57341999999997","responsecode":200},{"latitude":"12.977560000000004","longitude":"77.57325999999998","responsecode":200}],"Message":"Success","Issuccess":true,"exception":null,"RowCount":502,"responsecode":200}