{"data":[{"latitude":"13.29349","longitude":"77.54214","responsecode":200},{"latitude":"13.293750000000001","longitude":"77.54216000000001","responsecode":200},{"latitude":"13.294060000000002","longitude":"77.54218000000002","responsecode":200},{"latitude":"13.294350000000001","longitude":"77.54221000000001","responsecode":200},{"latitude":"13.29435","longitude":"77.54221","responsecode":200},{"latitude":"13.29435","longitude":"77.54221","responsecode":200},{"latitude":"13.29391","longitude":"77.54307","responsecode":200},{"latitude":"13.29371","longitude":"77.54355","responsecode":200},{"latitude":"13.29367","longitude":"77.54365","responsecode":200},{"latitude":"13.2935","longitude":"77.54403","responsecode":200},{"latitude":"13.29333","longitude":"77.54415","responsecode":200},{"latitude":"13.29317","longitude":"77.54422","responsecode":200},{"latitude":"13.29298","longitude":"77.54427","responsecode":200},{"latitude":"13.29292","longitude":"77.54429","responsecode":200},{"latitude":"13.2927","longitude":"77.54432","responsecode":200},{"latitude":"13.29262","longitude":"77.54436","responsecode":200},{"latitude":"13.292449999999999","longitude":"77.54441","responsecode":200},{"latitude":"13.292269999999998","longitude":"77.54445","responsecode":200},{"latitude":"13.292129999999998","longitude":"77.54445","responsecode":200},{"latitude":"13.292079999999999","longitude":"77.54442999999999","responsecode":200},{"latitude":"13.291889999999999","longitude":"77.54437999999999","responsecode":200},{"latitude":"13.29182","longitude":"77.54435","responsecode":200},{"latitude":"13.291559999999999","longitude":"77.54427","responsecode":200},{"latitude":"13.291369999999999","longitude":"77.54420999999999","responsecode":200},{"latitude":"13.291059999999998","longitude":"77.54414999999999","responsecode":200},{"latitude":"13.290959999999998","longitude":"77.54412999999998","responsecode":200},{"latitude":"13.290769999999998","longitude":"77.54409999999999","responsecode":200},{"latitude":"13.290659999999999","longitude":"77.54405999999999","responsecode":200},{"latitude":"13.2905","longitude":"77.54402999999999","responsecode":200},{"latitude":"13.29035","longitude":"77.54399","responsecode":200},{"latitude":"13.29018","longitude":"77.54395","responsecode":200},{"latitude":"13.29007","longitude":"77.54392999999999","responsecode":200},{"latitude":"13.2897","longitude":"77.54390999999998","responsecode":200},{"latitude":"13.2896","longitude":"77.54390999999998","responsecode":200},{"latitude":"13.28945","longitude":"77.54392999999999","responsecode":200},{"latitude":"13.28899","longitude":"77.54393999999999","responsecode":200},{"latitude":"13.2887","longitude":"77.54393999999999","responsecode":200},{"latitude":"13.288350000000001","longitude":"77.54395","responsecode":200},{"latitude":"13.288140000000002","longitude":"77.54395","responsecode":200},{"latitude":"13.287930000000003","longitude":"77.54396","responsecode":200},{"latitude":"13.287480000000002","longitude":"77.54395","responsecode":200},{"latitude":"13.28748","longitude":"77.54395","responsecode":200},{"latitude":"13.28748","longitude":"77.54395","responsecode":200},{"latitude":"13.28747","longitude":"77.54399","responsecode":200},{"latitude":"13.28744","longitude":"77.54401","responsecode":200},{"latitude":"13.28741","longitude":"77.54402","responsecode":200},{"latitude":"13.28737","longitude":"77.54402","responsecode":200},{"latitude":"13.287339999999999","longitude":"77.544","responsecode":200},{"latitude":"13.287219999999998","longitude":"77.54406","responsecode":200},{"latitude":"13.286979999999998","longitude":"77.54413","responsecode":200},{"latitude":"13.286739999999998","longitude":"77.54418","responsecode":200},{"latitude":"13.286389999999999","longitude":"77.54424999999999","responsecode":200},{"latitude":"13.28615","longitude":"77.54431999999998","responsecode":200},{"latitude":"13.28601","longitude":"77.54441999999999","responsecode":200},{"latitude":"13.28591","longitude":"77.54454999999999","responsecode":200},{"latitude":"13.28576","longitude":"77.54475999999998","responsecode":200},{"latitude":"13.28565","longitude":"77.54491999999998","responsecode":200},{"latitude":"13.28545","longitude":"77.54511999999998","responsecode":200},{"latitude":"13.284540000000002","longitude":"77.54584999999999","responsecode":200},{"latitude":"13.284290000000002","longitude":"77.54603999999999","responsecode":200},{"latitude":"13.283900000000003","longitude":"77.54633999999999","responsecode":200},{"latitude":"13.283770000000002","longitude":"77.54645","responsecode":200},{"latitude":"13.283510000000001","longitude":"77.54665","responsecode":200},{"latitude":"13.283300000000002","longitude":"77.54686","responsecode":200},{"latitude":"13.283150000000003","longitude":"77.54697999999999","responsecode":200},{"latitude":"13.283030000000002","longitude":"77.54706999999999","responsecode":200},{"latitude":"13.282830000000002","longitude":"77.54722999999998","responsecode":200},{"latitude":"13.282670000000003","longitude":"77.54732999999999","responsecode":200},{"latitude":"13.28267","longitude":"77.54733","responsecode":200},{"latitude":"13.28267","longitude":"77.54733","responsecode":200},{"latitude":"13.28252","longitude":"77.54744000000001","responsecode":200},{"latitude":"13.28242","longitude":"77.54761","responsecode":200},{"latitude":"13.28239","longitude":"77.54782","responsecode":200},{"latitude":"13.282399999999999","longitude":"77.54802000000001","responsecode":200},{"latitude":"13.282359999999999","longitude":"77.54866000000001","responsecode":200},{"latitude":"13.282359999999999","longitude":"77.549","responsecode":200},{"latitude":"13.28234","longitude":"77.54953","responsecode":200},{"latitude":"13.28233","longitude":"77.54981000000001","responsecode":200},{"latitude":"13.28231","longitude":"77.55001000000001","responsecode":200},{"latitude":"13.28231","longitude":"77.55019000000001","responsecode":200},{"latitude":"13.28227","longitude":"77.55033000000002","responsecode":200},{"latitude":"13.28226","longitude":"77.55058000000001","responsecode":200},{"latitude":"13.282250000000001","longitude":"77.55071000000001","responsecode":200},{"latitude":"13.282240000000002","longitude":"77.55091000000002","responsecode":200},{"latitude":"13.282210000000001","longitude":"77.55104000000001","responsecode":200},{"latitude":"13.282160000000001","longitude":"77.55124000000002","responsecode":200},{"latitude":"13.282140000000002","longitude":"77.55130000000003","responsecode":200},{"latitude":"13.282060000000001","longitude":"77.55142000000002","responsecode":200},{"latitude":"13.282000000000002","longitude":"77.55146000000002","responsecode":200},{"latitude":"13.281860000000002","longitude":"77.55150000000002","responsecode":200},{"latitude":"13.281700000000003","longitude":"77.55152000000002","responsecode":200},{"latitude":"13.281560000000002","longitude":"77.55152000000002","responsecode":200},{"latitude":"13.281200000000002","longitude":"77.55153000000003","responsecode":200},{"latitude":"13.280850000000003","longitude":"77.55155000000003","responsecode":200},{"latitude":"13.280810000000002","longitude":"77.55157000000004","responsecode":200},{"latitude":"13.280730000000002","longitude":"77.55162000000004","responsecode":200},{"latitude":"13.28073","longitude":"77.55162","responsecode":200},{"latitude":"13.28073","longitude":"77.55162","responsecode":200},{"latitude":"13.28075","longitude":"77.55161","responsecode":200},{"latitude":"13.28067","longitude":"77.55171","responsecode":200},{"latitude":"13.28041","longitude":"77.55172","responsecode":200},{"latitude":"13.28041","longitude":"77.55172","responsecode":200},{"latitude":"13.280289999999999","longitude":"77.55172","responsecode":200},{"latitude":"13.28013","longitude":"77.55172","responsecode":200},{"latitude":"13.27856","longitude":"77.55179","responsecode":200},{"latitude":"13.27842","longitude":"77.5518","responsecode":200},{"latitude":"13.278220000000001","longitude":"77.55181","responsecode":200},{"latitude":"13.27814","longitude":"77.55181","responsecode":200},{"latitude":"13.27783","longitude":"77.5518","responsecode":200},{"latitude":"13.27761","longitude":"77.5518","responsecode":200},{"latitude":"13.2774","longitude":"77.55181","responsecode":200},{"latitude":"13.27446","longitude":"77.55199","responsecode":200},{"latitude":"13.27423","longitude":"77.552","responsecode":200},{"latitude":"13.27263","longitude":"77.55205000000001","responsecode":200},{"latitude":"13.27263","longitude":"77.55205","responsecode":200},{"latitude":"13.27263","longitude":"77.55205","responsecode":200},{"latitude":"13.272549999999999","longitude":"77.55205","responsecode":200},{"latitude":"13.270549999999998","longitude":"77.55216999999999","responsecode":200},{"latitude":"13.270189999999998","longitude":"77.55219","responsecode":200},{"latitude":"13.269219999999997","longitude":"77.55230499999999","responsecode":200},{"latitude":"13.26922","longitude":"77.552305","responsecode":200},{"latitude":"13.26909","longitude":"77.55232000000001","responsecode":200},{"latitude":"13.26889","longitude":"77.55236000000001","responsecode":200},{"latitude":"13.268260000000001","longitude":"77.55243","responsecode":200},{"latitude":"13.267660000000001","longitude":"77.55251","responsecode":200},{"latitude":"13.267290000000001","longitude":"77.55255","responsecode":200},{"latitude":"13.26711","longitude":"77.55257","responsecode":200},{"latitude":"13.26684","longitude":"77.5526","responsecode":200},{"latitude":"13.26655","longitude":"77.55263","responsecode":200},{"latitude":"13.26598","longitude":"77.55268","responsecode":200},{"latitude":"13.26534","longitude":"77.55274999999999","responsecode":200},{"latitude":"13.26464","longitude":"77.55279999999999","responsecode":200},{"latitude":"13.26417","longitude":"77.55281","responsecode":200},{"latitude":"13.26348","longitude":"77.55279999999999","responsecode":200},{"latitude":"13.263449999999999","longitude":"77.55279999999999","responsecode":200},{"latitude":"13.26315","longitude":"77.55277999999998","responsecode":200},{"latitude":"13.262559999999999","longitude":"77.55273999999999","responsecode":200},{"latitude":"13.262039999999999","longitude":"77.55271999999998","responsecode":200},{"latitude":"13.26175","longitude":"77.55270999999998","responsecode":200},{"latitude":"13.26175","longitude":"77.55271","responsecode":200},{"latitude":"13.26175","longitude":"77.55271","responsecode":200},{"latitude":"13.26137","longitude":"77.55269","responsecode":200},{"latitude":"13.260869999999999","longitude":"77.55265","responsecode":200},{"latitude":"13.26048","longitude":"77.55263","responsecode":200},{"latitude":"13.260079999999999","longitude":"77.55260999999999","responsecode":200},{"latitude":"13.259809999999998","longitude":"77.55261999999999","responsecode":200},{"latitude":"13.259509999999999","longitude":"77.55264","responsecode":200},{"latitude":"13.259269999999999","longitude":"77.55268","responsecode":200},{"latitude":"13.258959999999998","longitude":"77.55272","responsecode":200},{"latitude":"13.258689999999998","longitude":"77.55277","responsecode":200},{"latitude":"13.258369999999998","longitude":"77.55279999999999","responsecode":200},{"latitude":"13.258109999999997","longitude":"77.55281199999999","responsecode":200},{"latitude":"13.25811","longitude":"77.552812","responsecode":200},{"latitude":"13.25794","longitude":"77.55282","responsecode":200},{"latitude":"13.257859999999999","longitude":"77.55284","responsecode":200},{"latitude":"13.25757","longitude":"77.55290000000001","responsecode":200},{"latitude":"13.256929999999999","longitude":"77.55303","responsecode":200},{"latitude":"13.256129999999999","longitude":"77.55322000000001","responsecode":200},{"latitude":"13.255119999999998","longitude":"77.55345000000001","responsecode":200},{"latitude":"13.254859999999997","longitude":"77.55350000000001","responsecode":200},{"latitude":"13.254099999999998","longitude":"77.55365000000002","responsecode":200},{"latitude":"13.253229999999997","longitude":"77.55377000000001","responsecode":200},{"latitude":"13.252459999999997","longitude":"77.55386000000001","responsecode":200},{"latitude":"13.252099999999997","longitude":"77.55391000000002","responsecode":200},{"latitude":"13.251549999999996","longitude":"77.55394600000001","responsecode":200},{"latitude":"13.25155","longitude":"77.553946","responsecode":200},{"latitude":"13.25149","longitude":"77.55395","responsecode":200},{"latitude":"13.25116","longitude":"77.55392","responsecode":200},{"latitude":"13.250860000000001","longitude":"77.55389000000001","responsecode":200},{"latitude":"13.250430000000001","longitude":"77.55381000000001","responsecode":200},{"latitude":"13.250010000000001","longitude":"77.55371000000001","responsecode":200},{"latitude":"13.249570000000002","longitude":"77.55358000000001","responsecode":200},{"latitude":"13.248500000000002","longitude":"77.55323000000001","responsecode":200},{"latitude":"13.248270000000002","longitude":"77.55318000000001","responsecode":200},{"latitude":"13.248120000000002","longitude":"77.55314000000001","responsecode":200},{"latitude":"13.247840000000002","longitude":"77.55305000000001","responsecode":200},{"latitude":"13.246480000000002","longitude":"77.55266000000002","responsecode":200},{"latitude":"13.246350000000001","longitude":"77.55262000000002","responsecode":200},{"latitude":"13.246250000000002","longitude":"77.55259000000002","responsecode":200},{"latitude":"13.246120000000001","longitude":"77.55256000000003","responsecode":200},{"latitude":"13.24612","longitude":"77.55256","responsecode":200},{"latitude":"13.24612","longitude":"77.55256","responsecode":200},{"latitude":"13.24551","longitude":"77.55247","responsecode":200},{"latitude":"13.245389999999999","longitude":"77.55245","responsecode":200},{"latitude":"13.24532","longitude":"77.55243999999999","responsecode":200},{"latitude":"13.24489","longitude":"77.55236","responsecode":200},{"latitude":"13.2434","longitude":"77.55211","responsecode":200},{"latitude":"13.24265","longitude":"77.55199999999999","responsecode":200},{"latitude":"13.24212","longitude":"77.55192","responsecode":200},{"latitude":"13.24182","longitude":"77.55187","responsecode":200},{"latitude":"13.24172","longitude":"77.55185999999999","responsecode":200},{"latitude":"13.240490000000001","longitude":"77.55166999999999","responsecode":200},{"latitude":"13.240420000000002","longitude":"77.55165999999998","responsecode":200},{"latitude":"13.239850000000002","longitude":"77.55156999999998","responsecode":200},{"latitude":"13.238750000000003","longitude":"77.55137999999998","responsecode":200},{"latitude":"13.237880000000002","longitude":"77.55124999999998","responsecode":200},{"latitude":"13.236610000000002","longitude":"77.55106999999998","responsecode":200},{"latitude":"13.236561000000002","longitude":"77.55106299999998","responsecode":200},{"latitude":"13.236561","longitude":"77.551063","responsecode":200},{"latitude":"13.23593","longitude":"77.55096999999999","responsecode":200},{"latitude":"13.23497","longitude":"77.55084","responsecode":200},{"latitude":"13.23438","longitude":"77.55072999999999","responsecode":200},{"latitude":"13.2334","longitude":"77.55059999999999","responsecode":200},{"latitude":"13.23263","longitude":"77.55048999999998","responsecode":200},{"latitude":"13.232470000000001","longitude":"77.55045999999999","responsecode":200},{"latitude":"13.2323","longitude":"77.55043999999998","responsecode":200},{"latitude":"13.232050000000001","longitude":"77.55040999999999","responsecode":200},{"latitude":"13.2316","longitude":"77.55033999999999","responsecode":200},{"latitude":"13.23127","longitude":"77.5503","responsecode":200},{"latitude":"13.231160000000001","longitude":"77.55027999999999","responsecode":200},{"latitude":"13.23116","longitude":"77.55028","responsecode":200},{"latitude":"13.23116","longitude":"77.55028","responsecode":200},{"latitude":"13.23102","longitude":"77.55026","responsecode":200},{"latitude":"13.23087","longitude":"77.55023999999999","responsecode":200},{"latitude":"13.230739999999999","longitude":"77.55021999999998","responsecode":200},{"latitude":"13.22993","longitude":"77.55007999999998","responsecode":200},{"latitude":"13.22963","longitude":"77.55001999999998","responsecode":200},{"latitude":"13.22903","longitude":"77.54991999999997","responsecode":200},{"latitude":"13.22889","longitude":"77.54989999999997","responsecode":200},{"latitude":"13.22847","longitude":"77.54982999999997","responsecode":200},{"latitude":"13.228069999999999","longitude":"77.54972999999997","responsecode":200},{"latitude":"13.22744","longitude":"77.54953999999996","responsecode":200},{"latitude":"13.22733","longitude":"77.54950999999997","responsecode":200},{"latitude":"13.22722","longitude":"77.54947999999997","responsecode":200},{"latitude":"13.22699","longitude":"77.54941999999997","responsecode":200},{"latitude":"13.226650000000001","longitude":"77.54932999999997","responsecode":200},{"latitude":"13.226560000000001","longitude":"77.54930999999996","responsecode":200},{"latitude":"13.22633","longitude":"77.54925999999996","responsecode":200},{"latitude":"13.22607","longitude":"77.54921999999996","responsecode":200},{"latitude":"13.22595","longitude":"77.54919999999996","responsecode":200},{"latitude":"13.225829999999998","longitude":"77.54917999999995","responsecode":200},{"latitude":"13.225739999999998","longitude":"77.54916999999995","responsecode":200},{"latitude":"13.225599999999998","longitude":"77.54916999999995","responsecode":200},{"latitude":"13.225339999999997","longitude":"77.54916999999995","responsecode":200},{"latitude":"13.225119999999997","longitude":"77.54918999999995","responsecode":200},{"latitude":"13.224939999999997","longitude":"77.54920999999996","responsecode":200},{"latitude":"13.224649999999997","longitude":"77.54925999999996","responsecode":200},{"latitude":"13.224539999999998","longitude":"77.54927999999997","responsecode":200},{"latitude":"13.224049999999998","longitude":"77.54935999999996","responsecode":200},{"latitude":"13.223709999999999","longitude":"77.54942999999996","responsecode":200},{"latitude":"13.223559999999999","longitude":"77.54945999999995","responsecode":200},{"latitude":"13.223419999999999","longitude":"77.54949999999995","responsecode":200},{"latitude":"13.223289999999999","longitude":"77.54953999999995","responsecode":200},{"latitude":"13.223159999999998","longitude":"77.54958999999995","responsecode":200},{"latitude":"13.222999999999999","longitude":"77.54965999999995","responsecode":200},{"latitude":"13.222809999999999","longitude":"77.54973999999994","responsecode":200},{"latitude":"13.22281","longitude":"77.54974","responsecode":200},{"latitude":"13.22281","longitude":"77.54974","responsecode":200},{"latitude":"13.222480000000001","longitude":"77.54989","responsecode":200},{"latitude":"13.222370000000002","longitude":"77.54995000000001","responsecode":200},{"latitude":"13.222270000000002","longitude":"77.55000000000001","responsecode":200},{"latitude":"13.222120000000002","longitude":"77.55008000000001","responsecode":200},{"latitude":"13.221980000000002","longitude":"77.55016","responsecode":200},{"latitude":"13.221760000000002","longitude":"77.55029","responsecode":200},{"latitude":"13.221040000000002","longitude":"77.55079","responsecode":200},{"latitude":"13.220820000000002","longitude":"77.55094000000001","responsecode":200},{"latitude":"13.220470000000002","longitude":"77.55119","responsecode":200},{"latitude":"13.220240000000002","longitude":"77.55135","responsecode":200},{"latitude":"13.220130000000003","longitude":"77.55142","responsecode":200},{"latitude":"13.220010000000002","longitude":"77.55148999999999","responsecode":200},{"latitude":"13.219880000000002","longitude":"77.55155999999998","responsecode":200},{"latitude":"13.21976","longitude":"77.55161999999999","responsecode":200},{"latitude":"13.21968","longitude":"77.55165999999998","responsecode":200},{"latitude":"13.21948","longitude":"77.55175999999999","responsecode":200},{"latitude":"13.21934","longitude":"77.55182999999998","responsecode":200},{"latitude":"13.21902","longitude":"77.55196999999998","responsecode":200},{"latitude":"13.218820000000001","longitude":"77.55204999999998","responsecode":200},{"latitude":"13.21873","longitude":"77.55207999999998","responsecode":200},{"latitude":"13.218490000000001","longitude":"77.55214999999997","responsecode":200},{"latitude":"13.218140000000002","longitude":"77.55224999999997","responsecode":200},{"latitude":"13.217330000000002","longitude":"77.55243999999998","responsecode":200},{"latitude":"13.216720000000002","longitude":"77.55259999999997","responsecode":200},{"latitude":"13.216490000000002","longitude":"77.55266999999996","responsecode":200},{"latitude":"13.21649","longitude":"77.55267","responsecode":200},{"latitude":"13.21649","longitude":"77.55267","responsecode":200},{"latitude":"13.21595","longitude":"77.55287000000001","responsecode":200},{"latitude":"13.215539999999999","longitude":"77.55307000000002","responsecode":200},{"latitude":"13.21519","longitude":"77.55323000000001","responsecode":200},{"latitude":"13.21457","longitude":"77.55356000000002","responsecode":200},{"latitude":"13.2142","longitude":"77.55377000000001","responsecode":200},{"latitude":"13.213799999999999","longitude":"77.55401000000002","responsecode":200},{"latitude":"13.21369","longitude":"77.55408000000001","responsecode":200},{"latitude":"13.213379999999999","longitude":"77.55426500000002","responsecode":200},{"latitude":"13.21338","longitude":"77.554265","responsecode":200},{"latitude":"13.213320000000001","longitude":"77.5543","responsecode":200},{"latitude":"13.212970000000002","longitude":"77.5545","responsecode":200},{"latitude":"13.212740000000002","longitude":"77.55461000000001","responsecode":200},{"latitude":"13.212200000000001","longitude":"77.55488000000001","responsecode":200},{"latitude":"13.211780000000001","longitude":"77.55511000000001","responsecode":200},{"latitude":"13.21152","longitude":"77.55525000000002","responsecode":200},{"latitude":"13.21092","longitude":"77.55560000000001","responsecode":200},{"latitude":"13.210379999999999","longitude":"77.55591000000001","responsecode":200},{"latitude":"13.209979999999998","longitude":"77.55616","responsecode":200},{"latitude":"13.208969999999997","longitude":"77.55673","responsecode":200},{"latitude":"13.207379999999997","longitude":"77.55766","responsecode":200},{"latitude":"13.206819999999997","longitude":"77.55799","responsecode":200},{"latitude":"13.206499999999997","longitude":"77.55816","responsecode":200},{"latitude":"13.206019999999997","longitude":"77.55839","responsecode":200},{"latitude":"13.205869999999997","longitude":"77.55847","responsecode":200},{"latitude":"13.205759999999998","longitude":"77.55852","responsecode":200},{"latitude":"13.205499999999997","longitude":"77.55864","responsecode":200},{"latitude":"13.205249999999998","longitude":"77.55875999999999","responsecode":200},{"latitude":"13.204929999999997","longitude":"77.55891","responsecode":200},{"latitude":"13.204739999999997","longitude":"77.55899","responsecode":200},{"latitude":"13.204449999999998","longitude":"77.55913","responsecode":200},{"latitude":"13.20445","longitude":"77.55913","responsecode":200},{"latitude":"13.20445","longitude":"77.55913","responsecode":200},{"latitude":"13.204189999999999","longitude":"77.55924","responsecode":200},{"latitude":"13.203819999999999","longitude":"77.55943","responsecode":200},{"latitude":"13.203409999999998","longitude":"77.55964","responsecode":200},{"latitude":"13.203139999999998","longitude":"77.55976","responsecode":200},{"latitude":"13.202829999999997","longitude":"77.55991999999999","responsecode":200},{"latitude":"13.202539999999997","longitude":"77.56007","responsecode":200},{"latitude":"13.200759999999997","longitude":"77.56101","responsecode":200},{"latitude":"13.199999999999998","longitude":"77.56143","responsecode":200},{"latitude":"13.199889999999998","longitude":"77.56149","responsecode":200},{"latitude":"13.199449999999999","longitude":"77.56172000000001","responsecode":200},{"latitude":"13.19883","longitude":"77.56203000000001","responsecode":200},{"latitude":"13.19862","longitude":"77.56213000000001","responsecode":200},{"latitude":"13.1984","longitude":"77.56223000000001","responsecode":200},{"latitude":"13.198179999999999","longitude":"77.56232000000001","responsecode":200},{"latitude":"13.197989999999999","longitude":"77.56240000000001","responsecode":200},{"latitude":"13.197809999999999","longitude":"77.56246000000002","responsecode":200},{"latitude":"13.197579999999999","longitude":"77.56254000000001","responsecode":200},{"latitude":"13.197409999999998","longitude":"77.56259000000001","responsecode":200},{"latitude":"13.197249999999999","longitude":"77.56263000000001","responsecode":200},{"latitude":"13.19704","longitude":"77.56267000000001","responsecode":200},{"latitude":"13.19672","longitude":"77.56273000000002","responsecode":200},{"latitude":"13.19638","longitude":"77.56279000000002","responsecode":200},{"latitude":"13.19622","longitude":"77.56282000000002","responsecode":200},{"latitude":"13.19596","longitude":"77.56286000000001","responsecode":200},{"latitude":"13.195559999999999","longitude":"77.56292000000002","responsecode":200},{"latitude":"13.195229999999999","longitude":"77.56296000000002","responsecode":200},{"latitude":"13.195170999999998","longitude":"77.56296600000002","responsecode":200},{"latitude":"13.195171","longitude":"77.562966","responsecode":200},{"latitude":"13.19486","longitude":"77.563","responsecode":200},{"latitude":"13.19353","longitude":"77.56315000000001","responsecode":200},{"latitude":"13.193100000000001","longitude":"77.56319","responsecode":200},{"latitude":"13.192580000000001","longitude":"77.56322","responsecode":200},{"latitude":"13.19199","longitude":"77.56324000000001","responsecode":200},{"latitude":"13.19144","longitude":"77.56327","responsecode":200},{"latitude":"13.19077","longitude":"77.56328","responsecode":200},{"latitude":"13.18987","longitude":"77.56333000000001","responsecode":200},{"latitude":"13.189390000000001","longitude":"77.56336","responsecode":200},{"latitude":"13.188910000000002","longitude":"77.5634","responsecode":200},{"latitude":"13.188020000000002","longitude":"77.56349","responsecode":200},{"latitude":"13.187670000000002","longitude":"77.56352","responsecode":200},{"latitude":"13.187520000000003","longitude":"77.56353","responsecode":200},{"latitude":"13.186580000000003","longitude":"77.5636","responsecode":200},{"latitude":"13.185120000000003","longitude":"77.56371","responsecode":200},{"latitude":"13.184860000000002","longitude":"77.56373","responsecode":200},{"latitude":"13.183990000000001","longitude":"77.56382","responsecode":200},{"latitude":"13.18227","longitude":"77.56397000000001","responsecode":200},{"latitude":"13.181590000000002","longitude":"77.56400000000001","responsecode":200},{"latitude":"13.181200000000002","longitude":"77.56403","responsecode":200},{"latitude":"13.179270000000002","longitude":"77.56415","responsecode":200},{"latitude":"13.178310000000003","longitude":"77.56421999999999","responsecode":200},{"latitude":"13.175420000000003","longitude":"77.56436","responsecode":200},{"latitude":"13.175090000000003","longitude":"77.56436","responsecode":200},{"latitude":"13.174950000000003","longitude":"77.56436","responsecode":200},{"latitude":"13.173870000000003","longitude":"77.56438999999999","responsecode":200},{"latitude":"13.173110000000003","longitude":"77.56441","responsecode":200},{"latitude":"13.172970000000003","longitude":"77.56442","responsecode":200},{"latitude":"13.17297","longitude":"77.56442","responsecode":200},{"latitude":"13.17297","longitude":"77.56442","responsecode":200},{"latitude":"13.17246","longitude":"77.56446","responsecode":200},{"latitude":"13.17184","longitude":"77.56445","responsecode":200},{"latitude":"13.17141","longitude":"77.56445","responsecode":200},{"latitude":"13.17105","longitude":"77.56447","responsecode":200},{"latitude":"13.17058","longitude":"77.5645","responsecode":200},{"latitude":"13.17037","longitude":"77.56451","responsecode":200},{"latitude":"13.17017","longitude":"77.56454","responsecode":200},{"latitude":"13.17005","longitude":"77.56456","responsecode":200},{"latitude":"13.16975","longitude":"77.56462","responsecode":200},{"latitude":"13.169260000000001","longitude":"77.56472000000001","responsecode":200},{"latitude":"13.168750000000001","longitude":"77.56482000000001","responsecode":200},{"latitude":"13.16838","longitude":"77.56489","responsecode":200},{"latitude":"13.16778","longitude":"77.56504000000001","responsecode":200},{"latitude":"13.16708","longitude":"77.5652","responsecode":200},{"latitude":"13.16621","longitude":"77.56538","responsecode":200},{"latitude":"13.1654","longitude":"77.56555","responsecode":200},{"latitude":"13.16491","longitude":"77.56565","responsecode":200},{"latitude":"13.16455","longitude":"77.56572","responsecode":200},{"latitude":"13.16416","longitude":"77.5658","responsecode":200},{"latitude":"13.1638","longitude":"77.56587999999999","responsecode":200},{"latitude":"13.16321","longitude":"77.56599999999999","responsecode":200},{"latitude":"13.16297","longitude":"77.56604999999999","responsecode":200},{"latitude":"13.16251","longitude":"77.56613999999999","responsecode":200},{"latitude":"13.16237","longitude":"77.56616999999999","responsecode":200},{"latitude":"13.161999999999999","longitude":"77.56623999999998","responsecode":200},{"latitude":"13.161","longitude":"77.56644999999997","responsecode":200},{"latitude":"13.16077","longitude":"77.56648999999997","responsecode":200},{"latitude":"13.160031","longitude":"77.56665599999997","responsecode":200},{"latitude":"13.160031","longitude":"77.566656","responsecode":200},{"latitude":"13.15975","longitude":"77.56671999999999","responsecode":200},{"latitude":"13.15888","longitude":"77.56692999999999","responsecode":200},{"latitude":"13.15846","longitude":"77.56703999999999","responsecode":200},{"latitude":"13.15803","longitude":"77.56715999999999","responsecode":200},{"latitude":"13.15779","longitude":"77.56722999999998","responsecode":200},{"latitude":"13.15605","longitude":"77.56770999999998","responsecode":200},{"latitude":"13.15488","longitude":"77.56802999999998","responsecode":200},{"latitude":"13.154020000000001","longitude":"77.56826999999998","responsecode":200},{"latitude":"13.153770000000002","longitude":"77.56833999999998","responsecode":200},{"latitude":"13.15337","longitude":"77.56844999999998","responsecode":200},{"latitude":"13.15306","longitude":"77.56852999999998","responsecode":200},{"latitude":"13.15281","longitude":"77.56859999999998","responsecode":200},{"latitude":"13.15257","longitude":"77.56866999999997","responsecode":200},{"latitude":"13.15226","longitude":"77.56875999999997","responsecode":200},{"latitude":"13.15212","longitude":"77.56879999999997","responsecode":200},{"latitude":"13.15166","longitude":"77.56891999999996","responsecode":200},{"latitude":"13.15147","longitude":"77.56896999999996","responsecode":200},{"latitude":"13.15128","longitude":"77.56901999999997","responsecode":200},{"latitude":"13.15113","longitude":"77.56905999999996","responsecode":200},{"latitude":"13.15091","longitude":"77.56910999999997","responsecode":200},{"latitude":"13.15076","longitude":"77.56913999999996","responsecode":200},{"latitude":"13.15063","longitude":"77.56916999999996","responsecode":200},{"latitude":"13.15035","longitude":"77.56923999999995","responsecode":200},{"latitude":"13.15015","longitude":"77.56929999999996","responsecode":200},{"latitude":"13.14976","longitude":"77.56938999999996","responsecode":200},{"latitude":"13.149600000000001","longitude":"77.56942999999995","responsecode":200},{"latitude":"13.149400000000002","longitude":"77.56947999999996","responsecode":200},{"latitude":"13.149170000000002","longitude":"77.56953999999996","responsecode":200},{"latitude":"13.148920000000002","longitude":"77.56958999999996","responsecode":200},{"latitude":"13.148740000000002","longitude":"77.56962999999996","responsecode":200},{"latitude":"13.148560000000002","longitude":"77.56966999999996","responsecode":200},{"latitude":"13.148400000000002","longitude":"77.56969999999995","responsecode":200},{"latitude":"13.148260000000002","longitude":"77.56971999999996","responsecode":200},{"latitude":"13.148050000000003","longitude":"77.56974999999996","responsecode":200},{"latitude":"13.147930000000002","longitude":"77.56976999999996","responsecode":200},{"latitude":"13.147840000000002","longitude":"77.56977999999997","responsecode":200},{"latitude":"13.147690000000003","longitude":"77.56978999999997","responsecode":200},{"latitude":"13.14769","longitude":"77.56979","responsecode":200},{"latitude":"13.14769","longitude":"77.56979","responsecode":200},{"latitude":"13.14746","longitude":"77.5698","responsecode":200},{"latitude":"13.14732","longitude":"77.56981","responsecode":200},{"latitude":"13.147170000000001","longitude":"77.56982","responsecode":200},{"latitude":"13.14634","longitude":"77.56983000000001","responsecode":200},{"latitude":"13.14616","longitude":"77.56983000000001","responsecode":200},{"latitude":"13.14602","longitude":"77.56983000000001","responsecode":200},{"latitude":"13.14588","longitude":"77.56982","responsecode":200},{"latitude":"13.1457","longitude":"77.5698","responsecode":200},{"latitude":"13.14535","longitude":"77.56978","responsecode":200},{"latitude":"13.1448","longitude":"77.56974","responsecode":200},{"latitude":"13.14457","longitude":"77.56972999999999","responsecode":200},{"latitude":"13.14366","longitude":"77.56966","responsecode":200},{"latitude":"13.14342","longitude":"77.56963999999999","responsecode":200},{"latitude":"13.143130000000001","longitude":"77.56961","responsecode":200},{"latitude":"13.142890000000001","longitude":"77.56956","responsecode":200},{"latitude":"13.142420000000001","longitude":"77.56949999999999","responsecode":200},{"latitude":"13.142120000000002","longitude":"77.56947","responsecode":200},{"latitude":"13.142000000000001","longitude":"77.56945999999999","responsecode":200},{"latitude":"13.141760000000001","longitude":"77.56944999999999","responsecode":200},{"latitude":"13.141440000000001","longitude":"77.56942999999998","responsecode":200},{"latitude":"13.141240000000002","longitude":"77.56941999999998","responsecode":200},{"latitude":"13.140950000000002","longitude":"77.56941999999998","responsecode":200},{"latitude":"13.140630000000002","longitude":"77.56942999999998","responsecode":200},{"latitude":"13.140240000000002","longitude":"77.56941999999998","responsecode":200},{"latitude":"13.140120000000001","longitude":"77.56941999999998","responsecode":200},{"latitude":"13.139730000000002","longitude":"77.56938999999998","responsecode":200},{"latitude":"13.139240000000003","longitude":"77.56931999999999","responsecode":200},{"latitude":"13.139110000000002","longitude":"77.56930999999999","responsecode":200},{"latitude":"13.138930000000002","longitude":"77.56927999999999","responsecode":200},{"latitude":"13.138820000000003","longitude":"77.56925999999999","responsecode":200},{"latitude":"13.138610000000003","longitude":"77.56921999999999","responsecode":200},{"latitude":"13.138490000000003","longitude":"77.56919999999998","responsecode":200},{"latitude":"13.138270000000002","longitude":"77.56913999999998","responsecode":200},{"latitude":"13.138050000000002","longitude":"77.56907999999997","responsecode":200},{"latitude":"13.137860000000002","longitude":"77.56902999999997","responsecode":200},{"latitude":"13.137730000000001","longitude":"77.56899999999997","responsecode":200},{"latitude":"13.137540000000001","longitude":"77.56896999999998","responsecode":200},{"latitude":"13.137330000000002","longitude":"77.56894999999997","responsecode":200},{"latitude":"13.137140000000002","longitude":"77.56894999999997","responsecode":200},{"latitude":"13.136960000000002","longitude":"77.56895999999998","responsecode":200},{"latitude":"13.136790000000001","longitude":"77.56897999999998","responsecode":200},{"latitude":"13.136560000000001","longitude":"77.56900999999998","responsecode":200},{"latitude":"13.13639","longitude":"77.56902999999998","responsecode":200},{"latitude":"13.136230000000001","longitude":"77.56904999999999","responsecode":200},{"latitude":"13.135880000000002","longitude":"77.56911","responsecode":200},{"latitude":"13.135510000000002","longitude":"77.56917999999999","responsecode":200},{"latitude":"13.135370000000002","longitude":"77.56920999999998","responsecode":200},{"latitude":"13.13537","longitude":"77.56921","responsecode":200},{"latitude":"13.13537","longitude":"77.56921","responsecode":200},{"latitude":"13.13523","longitude":"77.56925","responsecode":200},{"latitude":"13.13512","longitude":"77.56927999999999","responsecode":200},{"latitude":"13.13503","longitude":"77.5693","responsecode":200},{"latitude":"13.13485","longitude":"77.56935","responsecode":200},{"latitude":"13.13465","longitude":"77.56941","responsecode":200},{"latitude":"13.13448","longitude":"77.56947000000001","responsecode":200},{"latitude":"13.13424","longitude":"77.56957000000001","responsecode":200},{"latitude":"13.13407","longitude":"77.56964","responsecode":200},{"latitude":"13.133709999999999","longitude":"77.5698","responsecode":200},{"latitude":"13.13355","longitude":"77.56987","responsecode":200},{"latitude":"13.13342","longitude":"77.56992","responsecode":200},{"latitude":"13.13115","longitude":"77.57088999999999","responsecode":200},{"latitude":"13.13078","longitude":"77.57106999999999","responsecode":200},{"latitude":"13.13056","longitude":"77.57118","responsecode":200},{"latitude":"13.130189999999999","longitude":"77.57137","responsecode":200},{"latitude":"13.130069999999998","longitude":"77.57143","responsecode":200},{"latitude":"13.13007","longitude":"77.57143","responsecode":200},{"latitude":"13.13007","longitude":"77.57143","responsecode":200},{"latitude":"13.12931","longitude":"77.57186","responsecode":200},{"latitude":"13.12893","longitude":"77.57208","responsecode":200},{"latitude":"13.12834","longitude":"77.57242","responsecode":200},{"latitude":"13.12778","longitude":"77.57275999999999","responsecode":200},{"latitude":"13.12629","longitude":"77.57363999999998","responsecode":200},{"latitude":"13.1253","longitude":"77.57426999999998","responsecode":200},{"latitude":"13.12397","longitude":"77.57500999999998","responsecode":200},{"latitude":"13.1238","longitude":"77.57510999999998","responsecode":200},{"latitude":"13.12361","longitude":"77.57520999999998","responsecode":200},{"latitude":"13.123429999999999","longitude":"77.57530999999999","responsecode":200},{"latitude":"13.123199999999999","longitude":"77.57542999999998","responsecode":200},{"latitude":"13.122979999999998","longitude":"77.57553999999999","responsecode":200},{"latitude":"13.12298","longitude":"77.57554","responsecode":200},{"latitude":"13.12272","longitude":"77.57567","responsecode":200},{"latitude":"13.122589999999999","longitude":"77.57574","responsecode":200},{"latitude":"13.12239","longitude":"77.57583","responsecode":200},{"latitude":"13.1221","longitude":"77.57596","responsecode":200},{"latitude":"13.121789999999999","longitude":"77.57609","responsecode":200},{"latitude":"13.121149999999998","longitude":"77.57636","responsecode":200},{"latitude":"13.120419999999998","longitude":"77.57668","responsecode":200},{"latitude":"13.120019999999997","longitude":"77.57685","responsecode":200},{"latitude":"13.119689999999997","longitude":"77.57699","responsecode":200},{"latitude":"13.119009999999998","longitude":"77.57728","responsecode":200},{"latitude":"13.118269999999997","longitude":"77.57759","responsecode":200},{"latitude":"13.118159999999998","longitude":"77.57764","responsecode":200},{"latitude":"13.117989999999997","longitude":"77.57771","responsecode":200},{"latitude":"13.117739999999998","longitude":"77.57781","responsecode":200},{"latitude":"13.117539999999998","longitude":"77.57789","responsecode":200},{"latitude":"13.117379999999999","longitude":"77.57795999999999","responsecode":200},{"latitude":"13.117289999999999","longitude":"77.57799999999999","responsecode":200},{"latitude":"13.11685","longitude":"77.57818999999999","responsecode":200},{"latitude":"13.11638","longitude":"77.57838","responsecode":200},{"latitude":"13.11628","longitude":"77.57842","responsecode":200},{"latitude":"13.115549999999999","longitude":"77.57873","responsecode":200},{"latitude":"13.115219999999999","longitude":"77.57887","responsecode":200},{"latitude":"13.11506","longitude":"77.57893999999999","responsecode":200},{"latitude":"13.11483","longitude":"77.57903999999999","responsecode":200},{"latitude":"13.11483","longitude":"77.57904","responsecode":200},{"latitude":"13.11483","longitude":"77.57904","responsecode":200},{"latitude":"13.11468","longitude":"77.57910000000001","responsecode":200},{"latitude":"13.11445","longitude":"77.57920000000001","responsecode":200},{"latitude":"13.11431","longitude":"77.57926000000002","responsecode":200},{"latitude":"13.1142","longitude":"77.57931000000002","responsecode":200},{"latitude":"13.11398","longitude":"77.57941000000002","responsecode":200},{"latitude":"13.1139","longitude":"77.57944000000002","responsecode":200},{"latitude":"13.11383","longitude":"77.57946000000003","responsecode":200},{"latitude":"13.113760000000001","longitude":"77.57948000000003","responsecode":200},{"latitude":"13.11367","longitude":"77.57949000000004","responsecode":200},{"latitude":"13.11354","longitude":"77.57950000000004","responsecode":200},{"latitude":"13.113100000000001","longitude":"77.57952000000004","responsecode":200},{"latitude":"13.112630000000001","longitude":"77.57956000000004","responsecode":200},{"latitude":"13.112490000000001","longitude":"77.57958000000005","responsecode":200},{"latitude":"13.11237","longitude":"77.57960000000006","responsecode":200},{"latitude":"13.11219","longitude":"77.57963000000005","responsecode":200},{"latitude":"13.11209","longitude":"77.57965000000006","responsecode":200},{"latitude":"13.11201","longitude":"77.57967000000006","responsecode":200},{"latitude":"13.111699999999999","longitude":"77.57975000000006","responsecode":200},{"latitude":"13.111569999999999","longitude":"77.57979000000006","responsecode":200},{"latitude":"13.11118","longitude":"77.57991000000005","responsecode":200},{"latitude":"13.11079","longitude":"77.58003000000005","responsecode":200},{"latitude":"13.11027","longitude":"77.58019000000004","responsecode":200},{"latitude":"13.110156","longitude":"77.58022800000005","responsecode":200},{"latitude":"13.110156","longitude":"77.580228","responsecode":200},{"latitude":"13.10979","longitude":"77.58035000000001","responsecode":200},{"latitude":"13.10939","longitude":"77.58048000000001","responsecode":200},{"latitude":"13.10892","longitude":"77.58062000000001","responsecode":200},{"latitude":"13.10874","longitude":"77.58068000000002","responsecode":200},{"latitude":"13.10846","longitude":"77.58077000000002","responsecode":200},{"latitude":"13.108149999999998","longitude":"77.58087000000002","responsecode":200},{"latitude":"13.108009999999998","longitude":"77.58092000000002","responsecode":200},{"latitude":"13.107869999999998","longitude":"77.58097000000002","responsecode":200},{"latitude":"13.107699999999998","longitude":"77.58103000000003","responsecode":200},{"latitude":"13.107549999999998","longitude":"77.58110000000002","responsecode":200},{"latitude":"13.107399999999998","longitude":"77.58118000000002","responsecode":200},{"latitude":"13.10724","longitude":"77.58128000000002","responsecode":200},{"latitude":"13.10714","longitude":"77.58136000000002","responsecode":200},{"latitude":"13.10698","longitude":"77.58148000000001","responsecode":200},{"latitude":"13.10669","longitude":"77.58172000000002","responsecode":200},{"latitude":"13.10646","longitude":"77.58190000000002","responsecode":200},{"latitude":"13.10626","longitude":"77.58206000000001","responsecode":200},{"latitude":"13.106026","longitude":"77.582265","responsecode":200},{"latitude":"13.106026","longitude":"77.582265","responsecode":200},{"latitude":"13.10586","longitude":"77.58241000000001","responsecode":200},{"latitude":"13.10572","longitude":"77.58254000000001","responsecode":200},{"latitude":"13.10538","longitude":"77.58284","responsecode":200},{"latitude":"13.105080000000001","longitude":"77.58312000000001","responsecode":200},{"latitude":"13.10477","longitude":"77.58343","responsecode":200},{"latitude":"13.1046","longitude":"77.5836","responsecode":200},{"latitude":"13.10432","longitude":"77.58388000000001","responsecode":200},{"latitude":"13.103869999999999","longitude":"77.58436","responsecode":200},{"latitude":"13.103589999999999","longitude":"77.58467","responsecode":200},{"latitude":"13.103169999999999","longitude":"77.58517","responsecode":200},{"latitude":"13.102839999999999","longitude":"77.58557","responsecode":200},{"latitude":"13.102782999999999","longitude":"77.585643","responsecode":200},{"latitude":"13.102783","longitude":"77.585643","responsecode":200},{"latitude":"13.10246","longitude":"77.58606","responsecode":200},{"latitude":"13.102210000000001","longitude":"77.58641","responsecode":200},{"latitude":"13.102160000000001","longitude":"77.58648","responsecode":200},{"latitude":"13.102050000000002","longitude":"77.58662","responsecode":200},{"latitude":"13.101480000000002","longitude":"77.58734","responsecode":200},{"latitude":"13.101050000000003","longitude":"77.58785999999999","responsecode":200},{"latitude":"13.100700000000003","longitude":"77.58829999999999","responsecode":200},{"latitude":"13.100417000000004","longitude":"77.58864599999998","responsecode":200},{"latitude":"13.100417","longitude":"77.588646","responsecode":200},{"latitude":"13.10039","longitude":"77.58868","responsecode":200},{"latitude":"13.10013","longitude":"77.589","responsecode":200},{"latitude":"13.09888","longitude":"77.59047","responsecode":200},{"latitude":"13.09813","longitude":"77.59132","responsecode":200},{"latitude":"13.09785","longitude":"77.59164","responsecode":200},{"latitude":"13.097831","longitude":"77.591662","responsecode":200},{"latitude":"13.097831","longitude":"77.591662","responsecode":200},{"latitude":"13.097831","longitude":"77.591662","responsecode":200}],"Message":"Success","Issuccess":true,"exception":null,"RowCount":612,"responsecode":200}