{"data":[{"latitude":"12.95904","longitude":"77.5771","responsecode":200},{"latitude":"12.95905","longitude":"77.57706","responsecode":200},{"latitude":"12.959209999999999","longitude":"77.57657","responsecode":200},{"latitude":"12.959259999999999","longitude":"77.57641000000001","responsecode":200},{"latitude":"12.959319999999998","longitude":"77.57619000000001","responsecode":200},{"latitude":"12.959379999999998","longitude":"77.57599","responsecode":200},{"latitude":"12.959529999999997","longitude":"77.57544","responsecode":200},{"latitude":"12.959719999999997","longitude":"77.57476","responsecode":200},{"latitude":"12.959779999999997","longitude":"77.57455999999999","responsecode":200},{"latitude":"12.959709999999998","longitude":"77.57458","responsecode":200},{"latitude":"12.959559999999998","longitude":"77.57454","responsecode":200},{"latitude":"12.959219999999998","longitude":"77.57441","responsecode":200},{"latitude":"12.959039999999998","longitude":"77.57434","responsecode":200},{"latitude":"12.958559999999999","longitude":"77.57416","responsecode":200},{"latitude":"12.958389999999998","longitude":"77.57409000000001","responsecode":200},{"latitude":"12.958229999999999","longitude":"77.57402000000002","responsecode":200},{"latitude":"12.957899999999999","longitude":"77.57390000000002","responsecode":200},{"latitude":"12.957795999999998","longitude":"77.57386300000002","responsecode":200},{"latitude":"12.957796","longitude":"77.573863","responsecode":200},{"latitude":"12.95776","longitude":"77.57385000000001","responsecode":200},{"latitude":"12.95761","longitude":"77.57379","responsecode":200},{"latitude":"12.95752","longitude":"77.57377","responsecode":200},{"latitude":"12.95743","longitude":"77.57382","responsecode":200},{"latitude":"12.95738","longitude":"77.57384","responsecode":200},{"latitude":"12.95733","longitude":"77.57387","responsecode":200},{"latitude":"12.957230000000001","longitude":"77.57392","responsecode":200},{"latitude":"12.957180000000001","longitude":"77.57412000000001","responsecode":200},{"latitude":"12.957070000000002","longitude":"77.57451","responsecode":200},{"latitude":"12.957020000000002","longitude":"77.57469","responsecode":200},{"latitude":"12.956950000000003","longitude":"77.57497000000001","responsecode":200},{"latitude":"12.956920000000002","longitude":"77.57507000000001","responsecode":200},{"latitude":"12.956870000000002","longitude":"77.57525000000001","responsecode":200},{"latitude":"12.956840000000001","longitude":"77.57536000000002","responsecode":200},{"latitude":"12.956780000000002","longitude":"77.57556000000002","responsecode":200},{"latitude":"12.956620000000003","longitude":"77.57610000000003","responsecode":200},{"latitude":"12.956560000000003","longitude":"77.57629000000003","responsecode":200},{"latitude":"12.956520000000003","longitude":"77.57647000000003","responsecode":200},{"latitude":"12.956490000000002","longitude":"77.57661000000003","responsecode":200},{"latitude":"12.956440000000002","longitude":"77.57682000000003","responsecode":200},{"latitude":"12.956380000000003","longitude":"77.57705000000003","responsecode":200},{"latitude":"12.956340000000003","longitude":"77.57718000000003","responsecode":200},{"latitude":"12.95634","longitude":"77.57718","responsecode":200},{"latitude":"12.95634","longitude":"77.57718","responsecode":200},{"latitude":"12.95631","longitude":"77.57729","responsecode":200},{"latitude":"12.95628","longitude":"77.57737","responsecode":200},{"latitude":"12.95617","longitude":"77.57762","responsecode":200},{"latitude":"12.95609","longitude":"77.57777999999999","responsecode":200},{"latitude":"12.95566","longitude":"77.5786","responsecode":200},{"latitude":"12.95548","longitude":"77.57896","responsecode":200},{"latitude":"12.95542","longitude":"77.57911999999999","responsecode":200},{"latitude":"12.95539","longitude":"77.57920999999999","responsecode":200},{"latitude":"12.955359999999999","longitude":"77.57932","responsecode":200},{"latitude":"12.955329999999998","longitude":"77.57943999999999","responsecode":200},{"latitude":"12.955309999999999","longitude":"77.57954","responsecode":200},{"latitude":"12.95529","longitude":"77.57965","responsecode":200},{"latitude":"12.955259999999999","longitude":"77.57986","responsecode":200},{"latitude":"12.955259999999999","longitude":"77.57996","responsecode":200},{"latitude":"12.95525","longitude":"77.58011","responsecode":200},{"latitude":"12.95525","longitude":"77.58011","responsecode":200},{"latitude":"12.95525","longitude":"77.58011","responsecode":200},{"latitude":"12.955359999999999","longitude":"77.58021000000001","responsecode":200},{"latitude":"12.955919999999999","longitude":"77.58077","responsecode":200},{"latitude":"12.95628","longitude":"77.58109","responsecode":200},{"latitude":"12.95671","longitude":"77.58145","responsecode":200},{"latitude":"12.957189999999999","longitude":"77.58181","responsecode":200},{"latitude":"12.957299999999998","longitude":"77.58189","responsecode":200},{"latitude":"12.957469999999999","longitude":"77.58199","responsecode":200},{"latitude":"12.957719999999998","longitude":"77.58212","responsecode":200},{"latitude":"12.95772","longitude":"77.58212","responsecode":200},{"latitude":"12.95772","longitude":"77.58212","responsecode":200},{"latitude":"12.95767","longitude":"77.58225","responsecode":200},{"latitude":"12.95762","longitude":"77.58239","responsecode":200},{"latitude":"12.95759","longitude":"77.58246","responsecode":200},{"latitude":"12.95755","longitude":"77.58254","responsecode":200},{"latitude":"12.95748","longitude":"77.58265","responsecode":200},{"latitude":"12.95742","longitude":"77.58271","responsecode":200},{"latitude":"12.957130000000001","longitude":"77.58296","responsecode":200},{"latitude":"12.956790000000002","longitude":"77.58324","responsecode":200},{"latitude":"12.956700000000001","longitude":"77.58333","responsecode":200},{"latitude":"12.956570000000001","longitude":"77.58348000000001","responsecode":200},{"latitude":"12.95648","longitude":"77.58358000000001","responsecode":200},{"latitude":"12.95636","longitude":"77.58375000000001","responsecode":200},{"latitude":"12.9563","longitude":"77.58385000000001","responsecode":200},{"latitude":"12.956000000000001","longitude":"77.58455000000001","responsecode":200},{"latitude":"12.955560000000002","longitude":"77.5857","responsecode":200},{"latitude":"12.955230000000002","longitude":"77.58562","responsecode":200},{"latitude":"12.954430000000002","longitude":"77.58544","responsecode":200},{"latitude":"12.954190000000002","longitude":"77.58551","responsecode":200},{"latitude":"12.954100000000002","longitude":"77.58555","responsecode":200},{"latitude":"12.954090000000003","longitude":"77.585556","responsecode":200},{"latitude":"12.95409","longitude":"77.585556","responsecode":200},{"latitude":"12.954020000000002","longitude":"77.5856","responsecode":200},{"latitude":"12.9539","longitude":"77.58569","responsecode":200},{"latitude":"12.95349","longitude":"77.58623","responsecode":200},{"latitude":"12.95337","longitude":"77.58637","responsecode":200},{"latitude":"12.95296","longitude":"77.58685","responsecode":200},{"latitude":"12.95289","longitude":"77.58693","responsecode":200},{"latitude":"12.95283","longitude":"77.58700999999999","responsecode":200},{"latitude":"12.95278","longitude":"77.58711","responsecode":200},{"latitude":"12.95273","longitude":"77.58724","responsecode":200},{"latitude":"12.952430000000001","longitude":"77.58803999999999","responsecode":200},{"latitude":"12.952350000000001","longitude":"77.58825999999999","responsecode":200},{"latitude":"12.952280000000002","longitude":"77.58845","responsecode":200},{"latitude":"12.952060000000001","longitude":"77.58908","responsecode":200},{"latitude":"12.951990000000002","longitude":"77.58928","responsecode":200},{"latitude":"12.951820000000001","longitude":"77.58972","responsecode":200},{"latitude":"12.951760000000002","longitude":"77.5899","responsecode":200},{"latitude":"12.951690000000003","longitude":"77.59012","responsecode":200},{"latitude":"12.951600000000003","longitude":"77.5904","responsecode":200},{"latitude":"12.951640000000003","longitude":"77.59042000000001","responsecode":200},{"latitude":"12.951680000000003","longitude":"77.59045","responsecode":200},{"latitude":"12.951700000000002","longitude":"77.5905","responsecode":200},{"latitude":"12.951710000000002","longitude":"77.59055000000001","responsecode":200},{"latitude":"12.951700000000002","longitude":"77.59060000000001","responsecode":200},{"latitude":"12.951680000000003","longitude":"77.59066000000001","responsecode":200},{"latitude":"12.951650000000003","longitude":"77.59070000000001","responsecode":200},{"latitude":"12.951610000000002","longitude":"77.59074000000001","responsecode":200},{"latitude":"12.951550000000003","longitude":"77.59076000000002","responsecode":200},{"latitude":"12.951460000000003","longitude":"77.59096000000002","responsecode":200},{"latitude":"12.951360000000003","longitude":"77.59123000000002","responsecode":200},{"latitude":"12.951348000000003","longitude":"77.59126300000003","responsecode":200},{"latitude":"12.951348","longitude":"77.591263","responsecode":200},{"latitude":"12.951329999999999","longitude":"77.59131","responsecode":200},{"latitude":"12.951289999999998","longitude":"77.59141","responsecode":200},{"latitude":"12.951239999999999","longitude":"77.59152999999999","responsecode":200},{"latitude":"12.951199999999998","longitude":"77.59161999999999","responsecode":200},{"latitude":"12.951169999999998","longitude":"77.59168","responsecode":200},{"latitude":"12.951109999999998","longitude":"77.59177","responsecode":200},{"latitude":"12.951069999999998","longitude":"77.59183","responsecode":200},{"latitude":"12.951019999999998","longitude":"77.5919","responsecode":200},{"latitude":"12.950929999999998","longitude":"77.59201","responsecode":200},{"latitude":"12.950819999999998","longitude":"77.59214","responsecode":200},{"latitude":"12.950719999999999","longitude":"77.59224","responsecode":200},{"latitude":"12.95042","longitude":"77.59256","responsecode":200},{"latitude":"12.950289999999999","longitude":"77.59270000000001","responsecode":200},{"latitude":"12.95014","longitude":"77.59285000000001","responsecode":200},{"latitude":"12.950059999999999","longitude":"77.59292","responsecode":200},{"latitude":"12.94999","longitude":"77.59297000000001","responsecode":200},{"latitude":"12.94991","longitude":"77.59302000000001","responsecode":200},{"latitude":"12.94985","longitude":"77.59306000000001","responsecode":200},{"latitude":"12.949629999999999","longitude":"77.59318","responsecode":200},{"latitude":"12.949179999999998","longitude":"77.5934","responsecode":200},{"latitude":"12.949089999999998","longitude":"77.59343","responsecode":200},{"latitude":"12.948869999999998","longitude":"77.59351","responsecode":200},{"latitude":"12.948779999999998","longitude":"77.59355","responsecode":200},{"latitude":"12.948629999999998","longitude":"77.59361999999999","responsecode":200},{"latitude":"12.948139999999999","longitude":"77.59385999999999","responsecode":200},{"latitude":"12.947799999999999","longitude":"77.59401999999999","responsecode":200},{"latitude":"12.94769","longitude":"77.59406999999999","responsecode":200},{"latitude":"12.94759","longitude":"77.59411999999999","responsecode":200},{"latitude":"12.94749","longitude":"77.59416999999999","responsecode":200},{"latitude":"12.9474","longitude":"77.59421999999999","responsecode":200},{"latitude":"12.94729","longitude":"77.59428999999999","responsecode":200},{"latitude":"12.947180000000001","longitude":"77.59436999999998","responsecode":200},{"latitude":"12.947070000000002","longitude":"77.59444999999998","responsecode":200},{"latitude":"12.946970000000002","longitude":"77.59452999999998","responsecode":200},{"latitude":"12.946900000000003","longitude":"77.59458999999998","responsecode":200},{"latitude":"12.946837000000002","longitude":"77.59464599999998","responsecode":200},{"latitude":"12.946837","longitude":"77.594646","responsecode":200},{"latitude":"12.946810000000001","longitude":"77.59467","responsecode":200},{"latitude":"12.946700000000002","longitude":"77.59478","responsecode":200},{"latitude":"12.94658","longitude":"77.5949","responsecode":200},{"latitude":"12.9463","longitude":"77.59519","responsecode":200},{"latitude":"12.94621","longitude":"77.59529","responsecode":200},{"latitude":"12.94612","longitude":"77.59540000000001","responsecode":200},{"latitude":"12.946050000000001","longitude":"77.59550000000002","responsecode":200},{"latitude":"12.94602","longitude":"77.59554000000001","responsecode":200},{"latitude":"12.94598","longitude":"77.59560000000002","responsecode":200},{"latitude":"12.94567","longitude":"77.59610000000002","responsecode":200},{"latitude":"12.94549","longitude":"77.59638000000002","responsecode":200},{"latitude":"12.945409999999999","longitude":"77.59650000000002","responsecode":200},{"latitude":"12.945359999999999","longitude":"77.59657000000001","responsecode":200},{"latitude":"12.945269999999999","longitude":"77.59669000000001","responsecode":200},{"latitude":"12.945189999999998","longitude":"77.59678000000001","responsecode":200},{"latitude":"12.945109999999998","longitude":"77.59685","responsecode":200},{"latitude":"12.945029999999997","longitude":"77.59691000000001","responsecode":200},{"latitude":"12.944949999999997","longitude":"77.59696000000001","responsecode":200},{"latitude":"12.944849999999997","longitude":"77.59699","responsecode":200},{"latitude":"12.944729999999996","longitude":"77.59703","responsecode":200},{"latitude":"12.944239999999997","longitude":"77.59715","responsecode":200},{"latitude":"12.944019999999997","longitude":"77.59718","responsecode":200},{"latitude":"12.943689999999997","longitude":"77.59724","responsecode":200},{"latitude":"12.943619999999997","longitude":"77.59725","responsecode":200},{"latitude":"12.943209999999997","longitude":"77.59733","responsecode":200},{"latitude":"12.94321","longitude":"77.59733","responsecode":200},{"latitude":"12.94321","longitude":"77.59733","responsecode":200},{"latitude":"12.94307","longitude":"77.59735","responsecode":200},{"latitude":"12.9429","longitude":"77.59737000000001","responsecode":200},{"latitude":"12.94269","longitude":"77.59739000000002","responsecode":200},{"latitude":"12.94116","longitude":"77.59753000000002","responsecode":200},{"latitude":"12.94084","longitude":"77.59756000000002","responsecode":200},{"latitude":"12.940439999999999","longitude":"77.59762000000002","responsecode":200},{"latitude":"12.940199999999999","longitude":"77.59765000000002","responsecode":200},{"latitude":"12.940119999999999","longitude":"77.59766000000002","responsecode":200},{"latitude":"12.93996","longitude":"77.59771000000002","responsecode":200},{"latitude":"12.93996","longitude":"77.59771","responsecode":200},{"latitude":"12.93996","longitude":"77.59771","responsecode":200},{"latitude":"12.93986","longitude":"77.59775","responsecode":200},{"latitude":"12.93975","longitude":"77.5978","responsecode":200},{"latitude":"12.93956","longitude":"77.59789","responsecode":200},{"latitude":"12.93946","longitude":"77.59794000000001","responsecode":200},{"latitude":"12.93931","longitude":"77.59803000000001","responsecode":200},{"latitude":"12.939110000000001","longitude":"77.59814000000001","responsecode":200},{"latitude":"12.938950000000002","longitude":"77.59824000000002","responsecode":200},{"latitude":"12.938800000000002","longitude":"77.59834000000002","responsecode":200},{"latitude":"12.938680000000002","longitude":"77.59842000000002","responsecode":200},{"latitude":"12.938520000000002","longitude":"77.59854000000001","responsecode":200},{"latitude":"12.938410000000003","longitude":"77.59863000000001","responsecode":200},{"latitude":"12.938330000000002","longitude":"77.59870000000001","responsecode":200},{"latitude":"12.938240000000002","longitude":"77.59878","responsecode":200},{"latitude":"12.938110000000002","longitude":"77.5989","responsecode":200},{"latitude":"12.938000000000002","longitude":"77.59903","responsecode":200},{"latitude":"12.937790000000003","longitude":"77.59934","responsecode":200},{"latitude":"12.937710000000003","longitude":"77.59948","responsecode":200},{"latitude":"12.937650000000003","longitude":"77.5996","responsecode":200},{"latitude":"12.937590000000004","longitude":"77.59973","responsecode":200},{"latitude":"12.937540000000004","longitude":"77.59984","responsecode":200},{"latitude":"12.937470000000005","longitude":"77.6","responsecode":200},{"latitude":"12.937410000000005","longitude":"77.60018","responsecode":200},{"latitude":"12.937360000000005","longitude":"77.60038999999999","responsecode":200},{"latitude":"12.937320000000005","longitude":"77.60060999999999","responsecode":200},{"latitude":"12.937280000000005","longitude":"77.60085999999998","responsecode":200},{"latitude":"12.937190000000005","longitude":"77.60159999999998","responsecode":200},{"latitude":"12.937170000000005","longitude":"77.60169999999998","responsecode":200},{"latitude":"12.937160000000006","longitude":"77.60176999999997","responsecode":200},{"latitude":"12.937155000000006","longitude":"77.60181899999998","responsecode":200},{"latitude":"12.937155","longitude":"77.601819","responsecode":200},{"latitude":"12.93715","longitude":"77.60187","responsecode":200},{"latitude":"12.936950000000001","longitude":"77.60335","responsecode":200},{"latitude":"12.936900000000001","longitude":"77.60366","responsecode":200},{"latitude":"12.936860000000001","longitude":"77.60394000000001","responsecode":200},{"latitude":"12.936700000000002","longitude":"77.60504","responsecode":200},{"latitude":"12.936630000000003","longitude":"77.60553","responsecode":200},{"latitude":"12.936610000000003","longitude":"77.60572","responsecode":200},{"latitude":"12.936570000000003","longitude":"77.60598","responsecode":200},{"latitude":"12.936530000000003","longitude":"77.60624","responsecode":200},{"latitude":"12.936490000000003","longitude":"77.60645","responsecode":200},{"latitude":"12.936470000000003","longitude":"77.60654","responsecode":200},{"latitude":"12.936454000000003","longitude":"77.60659799999999","responsecode":200},{"latitude":"12.936454","longitude":"77.606598","responsecode":200},{"latitude":"12.93644","longitude":"77.60665","responsecode":200},{"latitude":"12.936409999999999","longitude":"77.60674","responsecode":200},{"latitude":"12.936379999999998","longitude":"77.60682","responsecode":200},{"latitude":"12.936339999999998","longitude":"77.60692","responsecode":200},{"latitude":"12.936289999999998","longitude":"77.60704","responsecode":200},{"latitude":"12.936109999999998","longitude":"77.60749","responsecode":200},{"latitude":"12.936069999999997","longitude":"77.60759","responsecode":200},{"latitude":"12.935939999999997","longitude":"77.60789","responsecode":200},{"latitude":"12.935889999999997","longitude":"77.608","responsecode":200},{"latitude":"12.935829999999997","longitude":"77.60812","responsecode":200},{"latitude":"12.935749999999997","longitude":"77.60827","responsecode":200},{"latitude":"12.935669999999996","longitude":"77.6084","responsecode":200},{"latitude":"12.935579999999996","longitude":"77.60855000000001","responsecode":200},{"latitude":"12.935499999999996","longitude":"77.60869000000001","responsecode":200},{"latitude":"12.935419999999995","longitude":"77.60882000000001","responsecode":200},{"latitude":"12.935299999999994","longitude":"77.60901000000001","responsecode":200},{"latitude":"12.934959999999995","longitude":"77.60953","responsecode":200},{"latitude":"12.934889999999996","longitude":"77.60963000000001","responsecode":200},{"latitude":"12.934799999999996","longitude":"77.60977000000001","responsecode":200},{"latitude":"12.934679999999995","longitude":"77.60992000000002","responsecode":200},{"latitude":"12.934239999999996","longitude":"77.61046000000002","responsecode":200},{"latitude":"12.934079999999996","longitude":"77.61067000000001","responsecode":200},{"latitude":"12.933979999999996","longitude":"77.61080000000001","responsecode":200},{"latitude":"12.933769999999997","longitude":"77.61108000000002","responsecode":200},{"latitude":"12.933699999999998","longitude":"77.61119000000002","responsecode":200},{"latitude":"12.933629999999999","longitude":"77.61128000000002","responsecode":200},{"latitude":"12.93348","longitude":"77.61147000000003","responsecode":200},{"latitude":"12.933259999999999","longitude":"77.61176000000003","responsecode":200},{"latitude":"12.933019999999999","longitude":"77.61207000000003","responsecode":200},{"latitude":"12.93292","longitude":"77.61221000000003","responsecode":200},{"latitude":"12.932739999999999","longitude":"77.61243000000003","responsecode":200},{"latitude":"12.93249","longitude":"77.61274000000003","responsecode":200},{"latitude":"12.93217","longitude":"77.61315000000003","responsecode":200},{"latitude":"12.932094999999999","longitude":"77.61325600000004","responsecode":200},{"latitude":"12.932095","longitude":"77.613256","responsecode":200},{"latitude":"12.932","longitude":"77.61339000000001","responsecode":200},{"latitude":"12.93187","longitude":"77.61355","responsecode":200},{"latitude":"12.93178","longitude":"77.61371","responsecode":200},{"latitude":"12.93167","longitude":"77.61382","responsecode":200},{"latitude":"12.93153","longitude":"77.61396","responsecode":200},{"latitude":"12.931420000000001","longitude":"77.61402000000001","responsecode":200},{"latitude":"12.93077","longitude":"77.61442000000001","responsecode":200},{"latitude":"12.930190000000001","longitude":"77.61478000000001","responsecode":200},{"latitude":"12.930010000000001","longitude":"77.61491000000001","responsecode":200},{"latitude":"12.929910000000001","longitude":"77.61502000000002","responsecode":200},{"latitude":"12.929860000000001","longitude":"77.61508000000002","responsecode":200},{"latitude":"12.929820000000001","longitude":"77.61514000000003","responsecode":200},{"latitude":"12.929730000000001","longitude":"77.61532000000003","responsecode":200},{"latitude":"12.929660000000002","longitude":"77.61553000000002","responsecode":200},{"latitude":"12.929580000000001","longitude":"77.61571000000002","responsecode":200},{"latitude":"12.929537000000002","longitude":"77.61581800000002","responsecode":200},{"latitude":"12.929537","longitude":"77.615818","responsecode":200},{"latitude":"12.92942","longitude":"77.61611","responsecode":200},{"latitude":"12.92892","longitude":"77.61749","responsecode":200},{"latitude":"12.92856","longitude":"77.61848","responsecode":200},{"latitude":"12.92841","longitude":"77.61887","responsecode":200},{"latitude":"12.92831","longitude":"77.61913","responsecode":200},{"latitude":"12.92815","longitude":"77.61955999999999","responsecode":200},{"latitude":"12.92773","longitude":"77.62062999999999","responsecode":200},{"latitude":"12.92769","longitude":"77.62074999999999","responsecode":200},{"latitude":"12.927620000000001","longitude":"77.62090999999998","responsecode":200},{"latitude":"12.92754","longitude":"77.62107999999998","responsecode":200},{"latitude":"12.927391","longitude":"77.62144099999998","responsecode":200},{"latitude":"12.927391","longitude":"77.621441","responsecode":200},{"latitude":"12.92698","longitude":"77.62244","responsecode":200},{"latitude":"12.926820000000001","longitude":"77.62282","responsecode":200},{"latitude":"12.92656","longitude":"77.62344","responsecode":200},{"latitude":"12.92636","longitude":"77.6239","responsecode":200},{"latitude":"12.92624","longitude":"77.62418000000001","responsecode":200},{"latitude":"12.92607","longitude":"77.62460000000002","responsecode":200},{"latitude":"12.925899999999999","longitude":"77.62499000000001","responsecode":200},{"latitude":"12.92579","longitude":"77.62527000000001","responsecode":200},{"latitude":"12.925732","longitude":"77.62540500000001","responsecode":200},{"latitude":"12.925732","longitude":"77.625405","responsecode":200},{"latitude":"12.92548","longitude":"77.626","responsecode":200},{"latitude":"12.92511","longitude":"77.62689","responsecode":200},{"latitude":"12.925","longitude":"77.62715","responsecode":200},{"latitude":"12.92459","longitude":"77.6281","responsecode":200},{"latitude":"12.92449","longitude":"77.62832","responsecode":200},{"latitude":"12.92436","longitude":"77.62864","responsecode":200},{"latitude":"12.92432","longitude":"77.62875000000001","responsecode":200},{"latitude":"12.92429","longitude":"77.62884000000001","responsecode":200},{"latitude":"12.92427","longitude":"77.62890000000002","responsecode":200},{"latitude":"12.92425","longitude":"77.62899000000002","responsecode":200},{"latitude":"12.924230000000001","longitude":"77.62911000000001","responsecode":200},{"latitude":"12.924220000000002","longitude":"77.62924000000001","responsecode":200},{"latitude":"12.924220000000002","longitude":"77.62937000000001","responsecode":200},{"latitude":"12.924230000000001","longitude":"77.62951000000001","responsecode":200},{"latitude":"12.924240000000001","longitude":"77.62960000000001","responsecode":200},{"latitude":"12.92426","longitude":"77.62975000000002","responsecode":200},{"latitude":"12.92427","longitude":"77.62984000000002","responsecode":200},{"latitude":"12.92429","longitude":"77.62998000000002","responsecode":200},{"latitude":"12.92432","longitude":"77.63016000000002","responsecode":200},{"latitude":"12.924424","longitude":"77.63085800000002","responsecode":200},{"latitude":"12.924424","longitude":"77.630858","responsecode":200},{"latitude":"12.92448","longitude":"77.63123","responsecode":200},{"latitude":"12.924510000000001","longitude":"77.63143000000001","responsecode":200},{"latitude":"12.924550000000002","longitude":"77.63166000000001","responsecode":200},{"latitude":"12.924860000000002","longitude":"77.63359000000001","responsecode":200},{"latitude":"12.924880000000002","longitude":"77.63370000000002","responsecode":200},{"latitude":"12.924940000000001","longitude":"77.63406000000002","responsecode":200},{"latitude":"12.925009000000001","longitude":"77.63448000000002","responsecode":200},{"latitude":"12.925009","longitude":"77.63448","responsecode":200},{"latitude":"12.92517","longitude":"77.63544999999999","responsecode":200},{"latitude":"12.92527","longitude":"77.63607999999999","responsecode":200},{"latitude":"12.9253","longitude":"77.63626","responsecode":200},{"latitude":"12.92532","longitude":"77.63646","responsecode":200},{"latitude":"12.925329999999999","longitude":"77.63657","responsecode":200},{"latitude":"12.925329999999999","longitude":"77.63668000000001","responsecode":200},{"latitude":"12.925329999999999","longitude":"77.63679000000002","responsecode":200},{"latitude":"12.92531","longitude":"77.63691000000001","responsecode":200},{"latitude":"12.925279999999999","longitude":"77.63702000000002","responsecode":200},{"latitude":"12.925239999999999","longitude":"77.63713000000003","responsecode":200},{"latitude":"12.925199999999998","longitude":"77.63724000000003","responsecode":200},{"latitude":"12.925149999999999","longitude":"77.63738000000004","responsecode":200},{"latitude":"12.925109999999998","longitude":"77.63748000000004","responsecode":200},{"latitude":"12.92504","longitude":"77.63761000000004","responsecode":200},{"latitude":"12.924959999999999","longitude":"77.63775000000004","responsecode":200},{"latitude":"12.92489","longitude":"77.63787000000004","responsecode":200},{"latitude":"12.92484","longitude":"77.63795000000003","responsecode":200},{"latitude":"12.9248","longitude":"77.63801300000003","responsecode":200},{"latitude":"12.9248","longitude":"77.638013","responsecode":200},{"latitude":"12.9248","longitude":"77.638013","responsecode":200},{"latitude":"12.92481","longitude":"77.63802","responsecode":200},{"latitude":"12.92386","longitude":"77.64002","responsecode":200},{"latitude":"12.92348","longitude":"77.63986","responsecode":200},{"latitude":"12.923483","longitude":"77.639853","responsecode":200},{"latitude":"12.923319999999999","longitude":"77.63978","responsecode":200},{"latitude":"12.923169999999999","longitude":"77.63971000000001","responsecode":200},{"latitude":"12.922939999999999","longitude":"77.6396","responsecode":200},{"latitude":"12.922749999999999","longitude":"77.63951","responsecode":200},{"latitude":"12.92241","longitude":"77.63934","responsecode":200},{"latitude":"12.922179999999999","longitude":"77.63922000000001","responsecode":200},{"latitude":"12.921869999999998","longitude":"77.63906000000001","responsecode":200},{"latitude":"12.921679999999999","longitude":"77.63896000000001","responsecode":200},{"latitude":"12.92157","longitude":"77.63891000000001","responsecode":200},{"latitude":"12.92147","longitude":"77.63887000000001","responsecode":200},{"latitude":"12.921289999999999","longitude":"77.63881","responsecode":200},{"latitude":"12.92114","longitude":"77.63876","responsecode":200},{"latitude":"12.92098","longitude":"77.63871","responsecode":200},{"latitude":"12.92078","longitude":"77.63865","responsecode":200},{"latitude":"12.92064","longitude":"77.63861","responsecode":200},{"latitude":"12.92036","longitude":"77.63854","responsecode":200},{"latitude":"12.92019","longitude":"77.63850000000001","responsecode":200},{"latitude":"12.91998","longitude":"77.63846000000001","responsecode":200},{"latitude":"12.91985","longitude":"77.63844","responsecode":200},{"latitude":"12.9197","longitude":"77.63842","responsecode":200},{"latitude":"12.91953","longitude":"77.63841","responsecode":200},{"latitude":"12.91936","longitude":"77.63841","responsecode":200},{"latitude":"12.91892","longitude":"77.63838999999999","responsecode":200},{"latitude":"12.91797","longitude":"77.63833999999999","responsecode":200},{"latitude":"12.917432","longitude":"77.63831099999999","responsecode":200},{"latitude":"12.917432","longitude":"77.638311","responsecode":200},{"latitude":"12.91614","longitude":"77.63824","responsecode":200},{"latitude":"12.91609","longitude":"77.63824","responsecode":200},{"latitude":"12.91604","longitude":"77.63824","responsecode":200},{"latitude":"12.91599","longitude":"77.63824","responsecode":200},{"latitude":"12.916","longitude":"77.63834","responsecode":200},{"latitude":"12.91601","longitude":"77.63843","responsecode":200},{"latitude":"12.91603","longitude":"77.63852","responsecode":200},{"latitude":"12.916089999999999","longitude":"77.63877","responsecode":200},{"latitude":"12.91622","longitude":"77.63917","responsecode":200},{"latitude":"12.916319999999999","longitude":"77.63942999999999","responsecode":200},{"latitude":"12.9164","longitude":"77.63960999999999","responsecode":200},{"latitude":"12.91648","longitude":"77.63976","responsecode":200},{"latitude":"12.91656","longitude":"77.6399","responsecode":200},{"latitude":"12.91666","longitude":"77.64005","responsecode":200},{"latitude":"12.916780000000001","longitude":"77.64021","responsecode":200},{"latitude":"12.916900000000002","longitude":"77.64036","responsecode":200},{"latitude":"12.917090000000002","longitude":"77.64058","responsecode":200},{"latitude":"12.917270000000002","longitude":"77.64077","responsecode":200},{"latitude":"12.917310000000002","longitude":"77.64081","responsecode":200},{"latitude":"12.917430000000003","longitude":"77.64093","responsecode":200},{"latitude":"12.917940000000003","longitude":"77.64143","responsecode":200},{"latitude":"12.918190000000003","longitude":"77.64166","responsecode":200},{"latitude":"12.918370000000003","longitude":"77.64183","responsecode":200},{"latitude":"12.918610000000003","longitude":"77.64203","responsecode":200},{"latitude":"12.918810000000002","longitude":"77.64218000000001","responsecode":200},{"latitude":"12.919100000000002","longitude":"77.64240000000001","responsecode":200},{"latitude":"12.919340000000002","longitude":"77.64257800000001","responsecode":200},{"latitude":"12.91934","longitude":"77.642578","responsecode":200},{"latitude":"12.91975","longitude":"77.64288","responsecode":200},{"latitude":"12.9199","longitude":"77.643","responsecode":200},{"latitude":"12.92008","longitude":"77.64315","responsecode":200},{"latitude":"12.92028","longitude":"77.64331","responsecode":200},{"latitude":"12.92057","longitude":"77.64355","responsecode":200},{"latitude":"12.92086","longitude":"77.64379000000001","responsecode":200},{"latitude":"12.92136","longitude":"77.64421000000002","responsecode":200},{"latitude":"12.9217","longitude":"77.64449000000002","responsecode":200},{"latitude":"12.921859999999999","longitude":"77.64463000000002","responsecode":200},{"latitude":"12.92194","longitude":"77.64471000000002","responsecode":200},{"latitude":"12.92199","longitude":"77.64476000000002","responsecode":200},{"latitude":"12.922059999999998","longitude":"77.64483000000001","responsecode":200},{"latitude":"12.922109999999998","longitude":"77.64488000000001","responsecode":200},{"latitude":"12.922249999999998","longitude":"77.64503000000002","responsecode":200},{"latitude":"12.922699999999999","longitude":"77.64555000000001","responsecode":200},{"latitude":"12.923119999999999","longitude":"77.64605000000002","responsecode":200},{"latitude":"12.923219999999999","longitude":"77.64616000000002","responsecode":200},{"latitude":"12.923309999999999","longitude":"77.64626000000003","responsecode":200},{"latitude":"12.92343","longitude":"77.64640000000003","responsecode":200},{"latitude":"12.92355","longitude":"77.64655000000003","responsecode":200},{"latitude":"12.92365","longitude":"77.64670000000004","responsecode":200},{"latitude":"12.92375","longitude":"77.64686000000003","responsecode":200},{"latitude":"12.92385","longitude":"77.64703000000003","responsecode":200},{"latitude":"12.92395","longitude":"77.64724000000002","responsecode":200},{"latitude":"12.924009999999999","longitude":"77.64737000000002","responsecode":200},{"latitude":"12.924109999999999","longitude":"77.64760000000003","responsecode":200},{"latitude":"12.924169999999998","longitude":"77.64765000000003","responsecode":200},{"latitude":"12.924199999999999","longitude":"77.64769000000003","responsecode":200},{"latitude":"12.924219999999998","longitude":"77.64774000000003","responsecode":200},{"latitude":"12.924279999999998","longitude":"77.64790000000002","responsecode":200},{"latitude":"12.924339999999997","longitude":"77.64814000000003","responsecode":200},{"latitude":"12.924389999999997","longitude":"77.64839000000002","responsecode":200},{"latitude":"12.924419999999998","longitude":"77.64867000000002","responsecode":200},{"latitude":"12.924459999999998","longitude":"77.64920000000002","responsecode":200},{"latitude":"12.924519999999998","longitude":"77.65014000000002","responsecode":200},{"latitude":"12.924519999999998","longitude":"77.65028000000002","responsecode":200},{"latitude":"12.92452","longitude":"77.65028","responsecode":200},{"latitude":"12.92452","longitude":"77.65035999999999","responsecode":200},{"latitude":"12.92451","longitude":"77.65053999999999","responsecode":200},{"latitude":"12.92449","longitude":"77.65073","responsecode":200},{"latitude":"12.924470000000001","longitude":"77.6509","responsecode":200},{"latitude":"12.924430000000001","longitude":"77.65113","responsecode":200},{"latitude":"12.92434","longitude":"77.65159","responsecode":200},{"latitude":"12.9243","longitude":"77.6518","responsecode":200},{"latitude":"12.92422","longitude":"77.65218","responsecode":200},{"latitude":"12.92393","longitude":"77.65394","responsecode":200},{"latitude":"12.92392","longitude":"77.65399000000001","responsecode":200},{"latitude":"12.923910000000001","longitude":"77.65405000000001","responsecode":200},{"latitude":"12.923900000000001","longitude":"77.65411000000002","responsecode":200},{"latitude":"12.923860000000001","longitude":"77.65416000000002","responsecode":200},{"latitude":"12.923840000000002","longitude":"77.65422000000002","responsecode":200},{"latitude":"12.923780000000002","longitude":"77.65464000000003","responsecode":200},{"latitude":"12.923670000000003","longitude":"77.65511000000004","responsecode":200},{"latitude":"12.923630000000003","longitude":"77.65529000000004","responsecode":200},{"latitude":"12.923560000000004","longitude":"77.65560000000004","responsecode":200},{"latitude":"12.923180000000004","longitude":"77.65674000000004","responsecode":200},{"latitude":"12.923050000000003","longitude":"77.65710000000004","responsecode":200},{"latitude":"12.922280000000004","longitude":"77.65924000000004","responsecode":200},{"latitude":"12.922010000000004","longitude":"77.66005000000004","responsecode":200},{"latitude":"12.921670000000004","longitude":"77.66131000000004","responsecode":200},{"latitude":"12.921590000000004","longitude":"77.66165000000004","responsecode":200},{"latitude":"12.921569000000003","longitude":"77.66175300000003","responsecode":200},{"latitude":"12.921569","longitude":"77.661753","responsecode":200},{"latitude":"12.92156","longitude":"77.6618","responsecode":200},{"latitude":"12.92146","longitude":"77.66229","responsecode":200},{"latitude":"12.92139","longitude":"77.66261","responsecode":200},{"latitude":"12.92134","longitude":"77.66287","responsecode":200},{"latitude":"12.92117","longitude":"77.66342999999999","responsecode":200},{"latitude":"12.92102","longitude":"77.66403","responsecode":200},{"latitude":"12.92092","longitude":"77.66431","responsecode":200},{"latitude":"12.920850000000002","longitude":"77.66453","responsecode":200},{"latitude":"12.920770000000001","longitude":"77.6648","responsecode":200},{"latitude":"12.92074","longitude":"77.66496","responsecode":200},{"latitude":"12.92074","longitude":"77.66506","responsecode":200},{"latitude":"12.920670000000001","longitude":"77.66530999999999","responsecode":200},{"latitude":"12.92064","longitude":"77.66539999999999","responsecode":200},{"latitude":"12.92061","longitude":"77.66543999999999","responsecode":200},{"latitude":"12.92058","longitude":"77.66547999999999","responsecode":200},{"latitude":"12.920539999999999","longitude":"77.66552999999999","responsecode":200},{"latitude":"12.920459999999999","longitude":"77.66563","responsecode":200},{"latitude":"12.920419999999998","longitude":"77.66569999999999","responsecode":200},{"latitude":"12.920379999999998","longitude":"77.66578999999999","responsecode":200},{"latitude":"12.920289999999998","longitude":"77.66599999999998","responsecode":200},{"latitude":"12.920209999999997","longitude":"77.66619999999999","responsecode":200},{"latitude":"12.919929999999997","longitude":"77.66681999999999","responsecode":200},{"latitude":"12.919779999999998","longitude":"77.66711","responsecode":200},{"latitude":"12.919639999999998","longitude":"77.66735999999999","responsecode":200},{"latitude":"12.919509999999997","longitude":"77.66760999999998","responsecode":200},{"latitude":"12.919219999999997","longitude":"77.66814999999998","responsecode":200},{"latitude":"12.919109999999998","longitude":"77.66835999999998","responsecode":200},{"latitude":"12.919019999999998","longitude":"77.66852999999998","responsecode":200},{"latitude":"12.918969999999998","longitude":"77.66865999999997","responsecode":200},{"latitude":"12.918929999999998","longitude":"77.66875999999998","responsecode":200},{"latitude":"12.918879999999998","longitude":"77.66890999999998","responsecode":200},{"latitude":"12.918769999999999","longitude":"77.66922999999998","responsecode":200},{"latitude":"12.91866","longitude":"77.66957999999998","responsecode":200},{"latitude":"12.918557999999999","longitude":"77.66990299999998","responsecode":200},{"latitude":"12.918558","longitude":"77.669903","responsecode":200},{"latitude":"12.918550000000002","longitude":"77.66993000000001","responsecode":200},{"latitude":"12.918530000000002","longitude":"77.67","responsecode":200},{"latitude":"12.918430000000003","longitude":"77.67032","responsecode":200},{"latitude":"12.918340000000002","longitude":"77.67056000000001","responsecode":200},{"latitude":"12.918230000000003","longitude":"77.67081","responsecode":200},{"latitude":"12.918130000000003","longitude":"77.67104","responsecode":200},{"latitude":"12.918060000000004","longitude":"77.67119000000001","responsecode":200},{"latitude":"12.917970000000004","longitude":"77.67137000000001","responsecode":200},{"latitude":"12.917870000000004","longitude":"77.67158","responsecode":200},{"latitude":"12.917750000000003","longitude":"77.6718","responsecode":200},{"latitude":"12.917650000000004","longitude":"77.67199000000001","responsecode":200},{"latitude":"12.917550000000004","longitude":"77.67217000000001","responsecode":200},{"latitude":"12.917270000000004","longitude":"77.67272000000001","responsecode":200},{"latitude":"12.917210000000004","longitude":"77.67285000000001","responsecode":200},{"latitude":"12.917150000000005","longitude":"77.67297","responsecode":200},{"latitude":"12.917060000000005","longitude":"77.67315","responsecode":200},{"latitude":"12.917010000000005","longitude":"77.67325000000001","responsecode":200},{"latitude":"12.916960000000005","longitude":"77.67337","responsecode":200},{"latitude":"12.916920000000005","longitude":"77.67344","responsecode":200},{"latitude":"12.916890000000004","longitude":"77.67349","responsecode":200},{"latitude":"12.916860000000003","longitude":"77.67352","responsecode":200},{"latitude":"12.916810000000003","longitude":"77.67356","responsecode":200},{"latitude":"12.916720000000003","longitude":"77.6736","responsecode":200},{"latitude":"12.916610000000004","longitude":"77.67362999999999","responsecode":200},{"latitude":"12.916500000000005","longitude":"77.67365999999998","responsecode":200},{"latitude":"12.916340000000005","longitude":"77.67371999999999","responsecode":200},{"latitude":"12.916220000000004","longitude":"77.67378","responsecode":200},{"latitude":"12.916080000000004","longitude":"77.67385999999999","responsecode":200},{"latitude":"12.915940000000004","longitude":"77.67397","responsecode":200},{"latitude":"12.915760000000004","longitude":"77.67412999999999","responsecode":200},{"latitude":"12.915660000000004","longitude":"77.67423","responsecode":200},{"latitude":"12.915480000000004","longitude":"77.67445","responsecode":200},{"latitude":"12.915340000000004","longitude":"77.67464","responsecode":200},{"latitude":"12.915010000000004","longitude":"77.67511999999999","responsecode":200},{"latitude":"12.914850000000005","longitude":"77.67536999999999","responsecode":200},{"latitude":"12.914720000000004","longitude":"77.67557999999998","responsecode":200},{"latitude":"12.914630000000004","longitude":"77.67573999999998","responsecode":200},{"latitude":"12.914560000000005","longitude":"77.67587999999998","responsecode":200},{"latitude":"12.914500000000006","longitude":"77.67602999999998","responsecode":200},{"latitude":"12.914440000000006","longitude":"77.67619999999998","responsecode":200},{"latitude":"12.914390000000006","longitude":"77.67634999999999","responsecode":200},{"latitude":"12.914330000000007","longitude":"77.67654999999999","responsecode":200},{"latitude":"12.914260000000008","longitude":"77.67678","responsecode":200},{"latitude":"12.914240000000008","longitude":"77.67684999999999","responsecode":200},{"latitude":"12.91422000000001","longitude":"77.67692999999998","responsecode":200},{"latitude":"12.914180000000009","longitude":"77.67708999999998","responsecode":200},{"latitude":"12.91411000000001","longitude":"77.67733999999997","responsecode":200},{"latitude":"12.91407000000001","longitude":"77.67746999999997","responsecode":200},{"latitude":"12.91403900000001","longitude":"77.67755999999997","responsecode":200},{"latitude":"12.914039","longitude":"77.67756","responsecode":200},{"latitude":"12.91399","longitude":"77.6777","responsecode":200},{"latitude":"12.913920000000001","longitude":"77.67792","responsecode":200},{"latitude":"12.91388","longitude":"77.67802","responsecode":200},{"latitude":"12.913860000000001","longitude":"77.67807","responsecode":200},{"latitude":"12.913790000000002","longitude":"77.67824","responsecode":200},{"latitude":"12.913690000000003","longitude":"77.67846","responsecode":200},{"latitude":"12.913620000000003","longitude":"77.67863","responsecode":200},{"latitude":"12.913560000000004","longitude":"77.6788","responsecode":200},{"latitude":"12.913490000000005","longitude":"77.67894","responsecode":200},{"latitude":"12.913420000000006","longitude":"77.67908","responsecode":200},{"latitude":"12.913330000000006","longitude":"77.67925","responsecode":200},{"latitude":"12.912830000000005","longitude":"77.68024","responsecode":200},{"latitude":"12.912720000000006","longitude":"77.68042","responsecode":200},{"latitude":"12.912580000000005","longitude":"77.68066999999999","responsecode":200},{"latitude":"12.912290000000006","longitude":"77.68122999999999","responsecode":200},{"latitude":"12.912110000000006","longitude":"77.68156999999998","responsecode":200},{"latitude":"12.911880000000005","longitude":"77.68199999999997","responsecode":200},{"latitude":"12.911760000000005","longitude":"77.68222999999998","responsecode":200},{"latitude":"12.911640000000004","longitude":"77.68247999999997","responsecode":200},{"latitude":"12.911560000000003","longitude":"77.68264999999997","responsecode":200},{"latitude":"12.911500000000004","longitude":"77.68277999999997","responsecode":200},{"latitude":"12.911420000000003","longitude":"77.68294999999996","responsecode":200},{"latitude":"12.911370000000003","longitude":"77.68305999999997","responsecode":200},{"latitude":"12.911110000000003","longitude":"77.68368999999997","responsecode":200},{"latitude":"12.911070000000002","longitude":"77.68378999999997","responsecode":200},{"latitude":"12.911010000000003","longitude":"77.68393999999998","responsecode":200},{"latitude":"12.910833000000002","longitude":"77.68437799999998","responsecode":200},{"latitude":"12.910833","longitude":"77.684378","responsecode":200},{"latitude":"12.910820000000001","longitude":"77.68441","responsecode":200},{"latitude":"12.910760000000002","longitude":"77.68455","responsecode":200},{"latitude":"12.910700000000002","longitude":"77.6847","responsecode":200},{"latitude":"12.910570000000002","longitude":"77.68502000000001","responsecode":200},{"latitude":"12.910490000000001","longitude":"77.68522000000002","responsecode":200},{"latitude":"12.910260000000001","longitude":"77.68580000000001","responsecode":200},{"latitude":"12.91014","longitude":"77.68608000000002","responsecode":200},{"latitude":"12.91009","longitude":"77.68626000000002","responsecode":200},{"latitude":"12.91","longitude":"77.68649000000002","responsecode":200},{"latitude":"12.90988","longitude":"77.68681000000002","responsecode":200},{"latitude":"12.90973","longitude":"77.68717000000002","responsecode":200},{"latitude":"12.90965","longitude":"77.68737000000003","responsecode":200},{"latitude":"12.90946","longitude":"77.68784000000004","responsecode":200},{"latitude":"12.909339999999998","longitude":"77.68813000000004","responsecode":200},{"latitude":"12.909299999999998","longitude":"77.68823000000005","responsecode":200},{"latitude":"12.909159999999998","longitude":"77.68860000000005","responsecode":200},{"latitude":"12.909009999999999","longitude":"77.68902000000006","responsecode":200},{"latitude":"12.908959999999999","longitude":"77.68916000000006","responsecode":200},{"latitude":"12.90885","longitude":"77.68949000000006","responsecode":200},{"latitude":"12.9088","longitude":"77.68968000000007","responsecode":200},{"latitude":"12.908797","longitude":"77.68969200000006","responsecode":200},{"latitude":"12.908797","longitude":"77.689692","responsecode":200},{"latitude":"12.90876","longitude":"77.68984999999999","responsecode":200},{"latitude":"12.908719999999999","longitude":"77.69003","responsecode":200},{"latitude":"12.908679999999999","longitude":"77.69019999999999","responsecode":200},{"latitude":"12.908619999999999","longitude":"77.69048","responsecode":200},{"latitude":"12.90855","longitude":"77.69076","responsecode":200},{"latitude":"12.9085","longitude":"77.69091999999999","responsecode":200},{"latitude":"12.90845","longitude":"77.69107","responsecode":200},{"latitude":"12.90833","longitude":"77.69151","responsecode":200},{"latitude":"12.90819","longitude":"77.69206","responsecode":200},{"latitude":"12.908159999999999","longitude":"77.69217","responsecode":200},{"latitude":"12.908129999999998","longitude":"77.69227000000001","responsecode":200},{"latitude":"12.908099999999997","longitude":"77.69238000000001","responsecode":200},{"latitude":"12.908049999999998","longitude":"77.69255000000001","responsecode":200},{"latitude":"12.907989999999998","longitude":"77.69275000000002","responsecode":200},{"latitude":"12.907919999999999","longitude":"77.69301000000002","responsecode":200},{"latitude":"12.90786","longitude":"77.69324000000002","responsecode":200},{"latitude":"12.9078","longitude":"77.69348000000002","responsecode":200},{"latitude":"12.90776","longitude":"77.69366000000002","responsecode":200},{"latitude":"12.907729999999999","longitude":"77.69378000000002","responsecode":200},{"latitude":"12.90763","longitude":"77.69423000000002","responsecode":200},{"latitude":"12.90749","longitude":"77.69484000000001","responsecode":200},{"latitude":"12.90742","longitude":"77.69517000000002","responsecode":200},{"latitude":"12.9074","longitude":"77.69526000000002","responsecode":200},{"latitude":"12.90737","longitude":"77.69535000000002","responsecode":200},{"latitude":"12.90734","longitude":"77.69542000000001","responsecode":200},{"latitude":"12.90728","longitude":"77.69555000000001","responsecode":200},{"latitude":"12.90728","longitude":"77.69555","responsecode":200},{"latitude":"12.90728","longitude":"77.69555","responsecode":200},{"latitude":"12.907210000000001","longitude":"77.69574","responsecode":200},{"latitude":"12.907070000000001","longitude":"77.6962","responsecode":200},{"latitude":"12.90694","longitude":"77.69658000000001","responsecode":200},{"latitude":"12.90682","longitude":"77.69698000000001","responsecode":200},{"latitude":"12.90676","longitude":"77.69719","responsecode":200},{"latitude":"12.90668","longitude":"77.6975","responsecode":200},{"latitude":"12.906649999999999","longitude":"77.69761000000001","responsecode":200},{"latitude":"12.90658","longitude":"77.69785000000002","responsecode":200},{"latitude":"12.90646","longitude":"77.69837000000001","responsecode":200},{"latitude":"12.906429999999999","longitude":"77.69848000000002","responsecode":200},{"latitude":"12.906389999999998","longitude":"77.69860000000001","responsecode":200},{"latitude":"12.906349999999998","longitude":"77.69872000000001","responsecode":200},{"latitude":"12.906309999999998","longitude":"77.69883000000002","responsecode":200},{"latitude":"12.906279999999997","longitude":"77.69891000000001","responsecode":200},{"latitude":"12.906239999999997","longitude":"77.69900000000001","responsecode":200},{"latitude":"12.906169999999998","longitude":"77.69914000000001","responsecode":200},{"latitude":"12.906079999999998","longitude":"77.69932000000001","responsecode":200},{"latitude":"12.906019999999998","longitude":"77.69945000000001","responsecode":200},{"latitude":"12.905929999999998","longitude":"77.69963000000001","responsecode":200},{"latitude":"12.905839999999998","longitude":"77.69980000000001","responsecode":200},{"latitude":"12.905699999999998","longitude":"77.70005","responsecode":200},{"latitude":"12.905609999999998","longitude":"77.70021","responsecode":200},{"latitude":"12.905469999999998","longitude":"77.70047","responsecode":200},{"latitude":"12.905279999999998","longitude":"77.70083","responsecode":200},{"latitude":"12.904969999999997","longitude":"77.70138","responsecode":200},{"latitude":"12.904889999999996","longitude":"77.70152","responsecode":200},{"latitude":"12.904749999999996","longitude":"77.70176000000001","responsecode":200},{"latitude":"12.904319999999997","longitude":"77.70255","responsecode":200},{"latitude":"12.904139999999996","longitude":"77.70287","responsecode":200},{"latitude":"12.904059999999996","longitude":"77.70302000000001","responsecode":200},{"latitude":"12.904019999999996","longitude":"77.7031","responsecode":200},{"latitude":"12.903949999999996","longitude":"77.70322","responsecode":200},{"latitude":"12.903869999999996","longitude":"77.70337","responsecode":200},{"latitude":"12.903809999999996","longitude":"77.70347000000001","responsecode":200},{"latitude":"12.903719999999996","longitude":"77.70363","responsecode":200},{"latitude":"12.903639999999996","longitude":"77.70378000000001","responsecode":200},{"latitude":"12.903559999999995","longitude":"77.70393000000001","responsecode":200},{"latitude":"12.903519999999995","longitude":"77.70401000000001","responsecode":200},{"latitude":"12.90352","longitude":"77.70401","responsecode":200},{"latitude":"12.903500000000001","longitude":"77.70405","responsecode":200},{"latitude":"12.903390000000002","longitude":"77.70425","responsecode":200},{"latitude":"12.903320000000003","longitude":"77.70436000000001","responsecode":200},{"latitude":"12.903270000000003","longitude":"77.70446000000001","responsecode":200},{"latitude":"12.903230000000002","longitude":"77.70453","responsecode":200},{"latitude":"12.903080000000003","longitude":"77.70482000000001","responsecode":200},{"latitude":"12.902530000000002","longitude":"77.70586000000002","responsecode":200},{"latitude":"12.902360000000002","longitude":"77.70616000000001","responsecode":200},{"latitude":"12.902250000000002","longitude":"77.70637","responsecode":200},{"latitude":"12.902160000000002","longitude":"77.70655000000001","responsecode":200},{"latitude":"12.902000000000003","longitude":"77.70685","responsecode":200},{"latitude":"12.901740000000002","longitude":"77.70738","responsecode":200},{"latitude":"12.901490000000003","longitude":"77.70792","responsecode":200},{"latitude":"12.901380000000003","longitude":"77.70816","responsecode":200},{"latitude":"12.901270000000004","longitude":"77.70840000000001","responsecode":200},{"latitude":"12.901230000000004","longitude":"77.70848000000001","responsecode":200},{"latitude":"12.901180000000004","longitude":"77.70859000000002","responsecode":200},{"latitude":"12.900930000000004","longitude":"77.70914000000002","responsecode":200},{"latitude":"12.900840000000004","longitude":"77.70936000000002","responsecode":200},{"latitude":"12.900700000000004","longitude":"77.70976000000002","responsecode":200},{"latitude":"12.900600000000004","longitude":"77.71009000000002","responsecode":200},{"latitude":"12.900450000000005","longitude":"77.71059000000002","responsecode":200},{"latitude":"12.900420000000004","longitude":"77.71068000000002","responsecode":200},{"latitude":"12.900380000000004","longitude":"77.71079000000003","responsecode":200},{"latitude":"12.900350000000003","longitude":"77.71085000000004","responsecode":200},{"latitude":"12.900320000000002","longitude":"77.71092000000003","responsecode":200},{"latitude":"12.900290000000002","longitude":"77.71098000000003","responsecode":200},{"latitude":"12.900210000000001","longitude":"77.71112000000004","responsecode":200},{"latitude":"12.90013","longitude":"77.71124000000003","responsecode":200},{"latitude":"12.89966","longitude":"77.71190000000003","responsecode":200},{"latitude":"12.899600000000001","longitude":"77.71198000000003","responsecode":200},{"latitude":"12.899530000000002","longitude":"77.71210000000002","responsecode":200},{"latitude":"12.899470000000003","longitude":"77.71223000000002","responsecode":200},{"latitude":"12.899400000000004","longitude":"77.71238000000002","responsecode":200},{"latitude":"12.899330000000004","longitude":"77.71256000000002","responsecode":200},{"latitude":"12.899290000000004","longitude":"77.71268000000002","responsecode":200},{"latitude":"12.89929","longitude":"77.71268","responsecode":200},{"latitude":"12.89929","longitude":"77.71268","responsecode":200},{"latitude":"12.8992","longitude":"77.71296000000001","responsecode":200},{"latitude":"12.89916","longitude":"77.71307000000002","responsecode":200},{"latitude":"12.89911","longitude":"77.71324000000001","responsecode":200},{"latitude":"12.89906","longitude":"77.71336000000001","responsecode":200},{"latitude":"12.89903","longitude":"77.71344","responsecode":200},{"latitude":"12.899","longitude":"77.71353","responsecode":200},{"latitude":"12.899","longitude":"77.71353","responsecode":200},{"latitude":"12.899","longitude":"77.71353","responsecode":200},{"latitude":"12.898919999999999","longitude":"77.71377000000001","responsecode":200},{"latitude":"12.898869999999999","longitude":"77.71395000000001","responsecode":200},{"latitude":"12.898779999999999","longitude":"77.7142","responsecode":200},{"latitude":"12.898719999999999","longitude":"77.71436","responsecode":200},{"latitude":"12.898579999999999","longitude":"77.71477","responsecode":200},{"latitude":"12.898539999999999","longitude":"77.71489","responsecode":200},{"latitude":"12.898419999999998","longitude":"77.71525","responsecode":200},{"latitude":"12.898339999999997","longitude":"77.71549999999999","responsecode":200},{"latitude":"12.898299999999997","longitude":"77.71562999999999","responsecode":200},{"latitude":"12.898239999999998","longitude":"77.71583","responsecode":200},{"latitude":"12.898169999999999","longitude":"77.71605","responsecode":200},{"latitude":"12.89796","longitude":"77.71677","responsecode":200},{"latitude":"12.89792","longitude":"77.71691","responsecode":200},{"latitude":"12.897789999999999","longitude":"77.7173","responsecode":200},{"latitude":"12.897649999999999","longitude":"77.71776","responsecode":200},{"latitude":"12.897499999999999","longitude":"77.71818999999999","responsecode":200},{"latitude":"12.8973","longitude":"77.7187","responsecode":200},{"latitude":"12.89723","longitude":"77.71885999999999","responsecode":200},{"latitude":"12.89718","longitude":"77.71897999999999","responsecode":200},{"latitude":"12.897110000000001","longitude":"77.71914999999998","responsecode":200},{"latitude":"12.897050000000002","longitude":"77.71929999999999","responsecode":200},{"latitude":"12.896990000000002","longitude":"77.71942999999999","responsecode":200},{"latitude":"12.896780000000003","longitude":"77.71996999999999","responsecode":200},{"latitude":"12.896690000000003","longitude":"77.72017999999998","responsecode":200},{"latitude":"12.896593000000003","longitude":"77.72036599999998","responsecode":200},{"latitude":"12.896593","longitude":"77.720366","responsecode":200},{"latitude":"12.89658","longitude":"77.72039","responsecode":200},{"latitude":"12.89648","longitude":"77.72059999999999","responsecode":200},{"latitude":"12.89628","longitude":"77.72102999999998","responsecode":200},{"latitude":"12.89616","longitude":"77.72125999999999","responsecode":200},{"latitude":"12.89606","longitude":"77.72146999999998","responsecode":200},{"latitude":"12.89598","longitude":"77.72162999999998","responsecode":200},{"latitude":"12.89588","longitude":"77.72183999999997","responsecode":200},{"latitude":"12.89564","longitude":"77.72228999999997","responsecode":200},{"latitude":"12.89544","longitude":"77.72270999999998","responsecode":200},{"latitude":"12.89535","longitude":"77.72287999999998","responsecode":200},{"latitude":"12.8953","longitude":"77.72297999999998","responsecode":200},{"latitude":"12.89512","longitude":"77.72335999999999","responsecode":200},{"latitude":"12.895","longitude":"77.72360999999998","responsecode":200},{"latitude":"12.89489","longitude":"77.72382999999998","responsecode":200},{"latitude":"12.89471","longitude":"77.72423999999998","responsecode":200},{"latitude":"12.89455","longitude":"77.72458999999998","responsecode":200},{"latitude":"12.89404","longitude":"77.72571999999998","responsecode":200},{"latitude":"12.893830000000001","longitude":"77.72615999999998","responsecode":200},{"latitude":"12.893620000000002","longitude":"77.72663999999997","responsecode":200},{"latitude":"12.893520000000002","longitude":"77.72684999999997","responsecode":200},{"latitude":"12.893360000000003","longitude":"77.72714999999997","responsecode":200},{"latitude":"12.893310000000003","longitude":"77.72723999999997","responsecode":200},{"latitude":"12.893250000000004","longitude":"77.72733999999997","responsecode":200},{"latitude":"12.893200000000004","longitude":"77.72740999999996","responsecode":200},{"latitude":"12.892960000000004","longitude":"77.72776999999996","responsecode":200},{"latitude":"12.892870000000004","longitude":"77.72788999999996","responsecode":200},{"latitude":"12.892730000000004","longitude":"77.72807999999996","responsecode":200},{"latitude":"12.892590000000004","longitude":"77.72825999999996","responsecode":200},{"latitude":"12.892444000000003","longitude":"77.72844699999996","responsecode":200},{"latitude":"12.892444","longitude":"77.728447","responsecode":200},{"latitude":"12.89241","longitude":"77.72849000000001","responsecode":200},{"latitude":"12.89229","longitude":"77.72864000000001","responsecode":200},{"latitude":"12.89171","longitude":"77.72937000000002","responsecode":200},{"latitude":"12.89149","longitude":"77.72964000000002","responsecode":200},{"latitude":"12.890989999999999","longitude":"77.73026000000002","responsecode":200},{"latitude":"12.890539999999998","longitude":"77.73084000000001","responsecode":200},{"latitude":"12.890109999999998","longitude":"77.73137000000001","responsecode":200},{"latitude":"12.889629999999999","longitude":"77.73199000000001","responsecode":200},{"latitude":"12.889499999999998","longitude":"77.73217000000001","responsecode":200},{"latitude":"12.889429999999999","longitude":"77.73226000000001","responsecode":200},{"latitude":"12.88932","longitude":"77.73243000000001","responsecode":200},{"latitude":"12.88928","longitude":"77.7325","responsecode":200},{"latitude":"12.88917","longitude":"77.73269","responsecode":200},{"latitude":"12.88885","longitude":"77.73326","responsecode":200},{"latitude":"12.88872","longitude":"77.73349","responsecode":200},{"latitude":"12.888539999999999","longitude":"77.73381","responsecode":200},{"latitude":"12.88847","longitude":"77.73393","responsecode":200},{"latitude":"12.88818","longitude":"77.73449","responsecode":200},{"latitude":"12.888020000000001","longitude":"77.73481","responsecode":200},{"latitude":"12.887910000000002","longitude":"77.73507","responsecode":200},{"latitude":"12.887850000000002","longitude":"77.73523999999999","responsecode":200},{"latitude":"12.887810000000002","longitude":"77.73539999999998","responsecode":200},{"latitude":"12.887770000000002","longitude":"77.73561999999998","responsecode":200},{"latitude":"12.88774","longitude":"77.73582999999998","responsecode":200},{"latitude":"12.887690000000001","longitude":"77.73624999999998","responsecode":200},{"latitude":"12.88766","longitude":"77.73649999999998","responsecode":200},{"latitude":"12.887640000000001","longitude":"77.73664999999998","responsecode":200},{"latitude":"12.887590000000001","longitude":"77.73704999999998","responsecode":200},{"latitude":"12.887570000000002","longitude":"77.73730999999998","responsecode":200},{"latitude":"12.887550000000003","longitude":"77.73744999999998","responsecode":200},{"latitude":"12.887520000000002","longitude":"77.73761999999998","responsecode":200},{"latitude":"12.887490000000001","longitude":"77.73787999999998","responsecode":200},{"latitude":"12.887480000000002","longitude":"77.73799999999997","responsecode":200},{"latitude":"12.887450000000001","longitude":"77.73819999999998","responsecode":200},{"latitude":"12.887430000000002","longitude":"77.73838999999998","responsecode":200},{"latitude":"12.88743","longitude":"77.73839","responsecode":200},{"latitude":"12.88743","longitude":"77.73839","responsecode":200},{"latitude":"12.88739","longitude":"77.73862","responsecode":200},{"latitude":"12.88734","longitude":"77.73904999999999","responsecode":200},{"latitude":"12.88728","longitude":"77.73951","responsecode":200},{"latitude":"12.887270000000001","longitude":"77.73962999999999","responsecode":200},{"latitude":"12.88715","longitude":"77.74081","responsecode":200},{"latitude":"12.88713","longitude":"77.74098","responsecode":200},{"latitude":"12.887120000000001","longitude":"77.74105999999999","responsecode":200},{"latitude":"12.887100000000002","longitude":"77.74114999999999","responsecode":200},{"latitude":"12.887080000000003","longitude":"77.74122999999999","responsecode":200},{"latitude":"12.887060000000004","longitude":"77.74130999999998","responsecode":200},{"latitude":"12.886990000000004","longitude":"77.74153999999999","responsecode":200},{"latitude":"12.886940000000005","longitude":"77.74169999999998","responsecode":200},{"latitude":"12.886870000000005","longitude":"77.74188999999998","responsecode":200},{"latitude":"12.886780000000005","longitude":"77.74211999999999","responsecode":200},{"latitude":"12.886750000000005","longitude":"77.74220999999999","responsecode":200},{"latitude":"12.886650000000005","longitude":"77.74247999999999","responsecode":200},{"latitude":"12.886560000000005","longitude":"77.74269999999999","responsecode":200},{"latitude":"12.886330000000005","longitude":"77.74325999999998","responsecode":200},{"latitude":"12.886230000000005","longitude":"77.74352999999998","responsecode":200},{"latitude":"12.885990000000005","longitude":"77.74413999999997","responsecode":200},{"latitude":"12.885590000000004","longitude":"77.74521999999997","responsecode":200},{"latitude":"12.885510000000004","longitude":"77.74544999999998","responsecode":200},{"latitude":"12.885440000000004","longitude":"77.74564999999998","responsecode":200},{"latitude":"12.885420000000005","longitude":"77.74573999999998","responsecode":200},{"latitude":"12.885390000000005","longitude":"77.74583999999999","responsecode":200},{"latitude":"12.885340000000005","longitude":"77.74599999999998","responsecode":200},{"latitude":"12.885310000000004","longitude":"77.74611999999998","responsecode":200},{"latitude":"12.885210000000004","longitude":"77.74641999999997","responsecode":200},{"latitude":"12.885110000000005","longitude":"77.74674999999998","responsecode":200},{"latitude":"12.885070000000004","longitude":"77.74687999999998","responsecode":200},{"latitude":"12.885020000000004","longitude":"77.74704999999997","responsecode":200},{"latitude":"12.884930000000004","longitude":"77.74732999999998","responsecode":200},{"latitude":"12.884800000000004","longitude":"77.74769999999998","responsecode":200},{"latitude":"12.884720000000003","longitude":"77.74794999999997","responsecode":200},{"latitude":"12.884650000000004","longitude":"77.74819999999997","responsecode":200},{"latitude":"12.884590000000005","longitude":"77.74837999999997","responsecode":200},{"latitude":"12.884530000000005","longitude":"77.74856999999997","responsecode":200},{"latitude":"12.884460000000006","longitude":"77.74877999999997","responsecode":200},{"latitude":"12.884400000000007","longitude":"77.74897999999997","responsecode":200},{"latitude":"12.884300000000007","longitude":"77.74929999999998","responsecode":200},{"latitude":"12.884270000000006","longitude":"77.74941999999997","responsecode":200},{"latitude":"12.884230000000006","longitude":"77.74955999999997","responsecode":200},{"latitude":"12.884160000000007","longitude":"77.74975999999998","responsecode":200},{"latitude":"12.884100000000007","longitude":"77.74983999999998","responsecode":200},{"latitude":"12.883830000000007","longitude":"77.75061999999998","responsecode":200},{"latitude":"12.883300000000007","longitude":"77.75218999999998","responsecode":200},{"latitude":"12.883220000000007","longitude":"77.75240999999998","responsecode":200},{"latitude":"12.88322","longitude":"77.75241","responsecode":200},{"latitude":"12.88322","longitude":"77.75241","responsecode":200},{"latitude":"12.88302","longitude":"77.75253","responsecode":200},{"latitude":"12.88271","longitude":"77.75264999999999","responsecode":200},{"latitude":"12.882399999999999","longitude":"77.75280999999998","responsecode":200},{"latitude":"12.882039999999998","longitude":"77.75296999999998","responsecode":200},{"latitude":"12.881769999999998","longitude":"77.75309999999998","responsecode":200},{"latitude":"12.881429999999998","longitude":"77.75321999999997","responsecode":200},{"latitude":"12.881159999999998","longitude":"77.75332999999998","responsecode":200},{"latitude":"12.880879999999998","longitude":"77.75340999999997","responsecode":200},{"latitude":"12.880719999999998","longitude":"77.75342999999998","responsecode":200},{"latitude":"12.880619999999999","longitude":"77.75344999999999","responsecode":200},{"latitude":"12.880339999999999","longitude":"77.75349999999999","responsecode":200},{"latitude":"12.87999","longitude":"77.75356999999998","responsecode":200},{"latitude":"12.879769999999999","longitude":"77.75358999999999","responsecode":200},{"latitude":"12.879649999999998","longitude":"77.75365","responsecode":200},{"latitude":"12.87965","longitude":"77.75365","responsecode":200},{"latitude":"12.87965","longitude":"77.75365","responsecode":200},{"latitude":"12.87956","longitude":"77.75374","responsecode":200},{"latitude":"12.87947","longitude":"77.75385","responsecode":200},{"latitude":"12.8794","longitude":"77.75405","responsecode":200},{"latitude":"12.87936","longitude":"77.75433000000001","responsecode":200},{"latitude":"12.87932","longitude":"77.75454","responsecode":200},{"latitude":"12.87929","longitude":"77.75465000000001","responsecode":200},{"latitude":"12.87924","longitude":"77.75476000000002","responsecode":200},{"latitude":"12.87913","longitude":"77.75489000000002","responsecode":200},{"latitude":"12.879","longitude":"77.75500000000002","responsecode":200},{"latitude":"12.87896","longitude":"77.75507000000002","responsecode":200},{"latitude":"12.87887","longitude":"77.75517000000002","responsecode":200},{"latitude":"12.87885","longitude":"77.75526000000002","responsecode":200},{"latitude":"12.87888","longitude":"77.75538000000002","responsecode":200},{"latitude":"12.878960000000001","longitude":"77.75542000000002","responsecode":200},{"latitude":"12.879050000000001","longitude":"77.75545000000001","responsecode":200},{"latitude":"12.879230000000002","longitude":"77.75552","responsecode":200},{"latitude":"12.879380000000001","longitude":"77.75562000000001","responsecode":200},{"latitude":"12.87954","longitude":"77.75569","responsecode":200},{"latitude":"12.879620000000001","longitude":"77.75574","responsecode":200},{"latitude":"12.87977","longitude":"77.75582","responsecode":200},{"latitude":"12.87998","longitude":"77.75592","responsecode":200},{"latitude":"12.88011","longitude":"77.75601","responsecode":200},{"latitude":"12.88013","longitude":"77.75602","responsecode":200},{"latitude":"12.88025","longitude":"77.75612000000001","responsecode":200},{"latitude":"12.8803","longitude":"77.7562","responsecode":200},{"latitude":"12.88037","longitude":"77.75626000000001","responsecode":200},{"latitude":"12.88054","longitude":"77.75636000000002","responsecode":200},{"latitude":"12.88063","longitude":"77.75640000000001","responsecode":200},{"latitude":"12.8808","longitude":"77.75649000000001","responsecode":200},{"latitude":"12.88119","longitude":"77.75662000000001","responsecode":200},{"latitude":"12.88158","longitude":"77.75673000000002","responsecode":200},{"latitude":"12.881715999999999","longitude":"77.75678200000002","responsecode":200},{"latitude":"12.881716","longitude":"77.756782","responsecode":200},{"latitude":"12.88179","longitude":"77.75681","responsecode":200},{"latitude":"12.8817","longitude":"77.75706","responsecode":200},{"latitude":"12.88161","longitude":"77.75726999999999","responsecode":200},{"latitude":"12.88156","longitude":"77.75739999999999","responsecode":200},{"latitude":"12.88146","longitude":"77.75764","responsecode":200},{"latitude":"12.88143","longitude":"77.7577","responsecode":200},{"latitude":"12.88131","longitude":"77.75793","responsecode":200},{"latitude":"12.880669999999999","longitude":"77.75912","responsecode":200},{"latitude":"12.880579999999998","longitude":"77.75929","responsecode":200},{"latitude":"12.8799","longitude":"77.76053999999999","responsecode":200},{"latitude":"12.879399999999999","longitude":"77.76145999999999","responsecode":200},{"latitude":"12.87933","longitude":"77.76159999999999","responsecode":200},{"latitude":"12.879282","longitude":"77.76168899999999","responsecode":200},{"latitude":"12.879282","longitude":"77.761689","responsecode":200},{"latitude":"12.87871","longitude":"77.76275000000001","responsecode":200},{"latitude":"12.87837","longitude":"77.76338000000001","responsecode":200},{"latitude":"12.87809","longitude":"77.76388000000001","responsecode":200},{"latitude":"12.87799","longitude":"77.76407000000002","responsecode":200},{"latitude":"12.87756","longitude":"77.76486000000001","responsecode":200},{"latitude":"12.87743","longitude":"77.76504000000001","responsecode":200},{"latitude":"12.87726","longitude":"77.76519000000002","responsecode":200},{"latitude":"12.87702","longitude":"77.76529000000002","responsecode":200},{"latitude":"12.87696","longitude":"77.76530000000002","responsecode":200},{"latitude":"12.876800000000001","longitude":"77.76534000000002","responsecode":200},{"latitude":"12.876420000000001","longitude":"77.76544000000003","responsecode":200},{"latitude":"12.875750000000002","longitude":"77.76560000000002","responsecode":200},{"latitude":"12.874520000000002","longitude":"77.76590000000002","responsecode":200},{"latitude":"12.874400000000001","longitude":"77.76593000000001","responsecode":200},{"latitude":"12.87404","longitude":"77.76601000000001","responsecode":200},{"latitude":"12.873980000000001","longitude":"77.76602000000001","responsecode":200},{"latitude":"12.873160000000002","longitude":"77.76623000000001","responsecode":200},{"latitude":"12.872610000000002","longitude":"77.76637000000001","responsecode":200},{"latitude":"12.872268000000002","longitude":"77.76645300000001","responsecode":200},{"latitude":"12.872268","longitude":"77.766453","responsecode":200},{"latitude":"12.87179","longitude":"77.76657","responsecode":200},{"latitude":"12.87151","longitude":"77.76661","responsecode":200},{"latitude":"12.8711","longitude":"77.76664","responsecode":200},{"latitude":"12.87024","longitude":"77.76666","responsecode":200},{"latitude":"12.86918","longitude":"77.76667","responsecode":200},{"latitude":"12.86883","longitude":"77.76666","responsecode":200},{"latitude":"12.868590000000001","longitude":"77.76672","responsecode":200},{"latitude":"12.868390000000002","longitude":"77.76677000000001","responsecode":200},{"latitude":"12.86822","longitude":"77.76682000000001","responsecode":200},{"latitude":"12.86805","longitude":"77.76689","responsecode":200},{"latitude":"12.867890000000001","longitude":"77.76698","responsecode":200},{"latitude":"12.86763","longitude":"77.76721","responsecode":200},{"latitude":"12.86763","longitude":"77.76721","responsecode":200},{"latitude":"12.86763","longitude":"77.76721","responsecode":200},{"latitude":"12.86708","longitude":"77.76767000000001","responsecode":200},{"latitude":"12.866999999999999","longitude":"77.76774","responsecode":200},{"latitude":"12.86604","longitude":"77.76857","responsecode":200},{"latitude":"12.86557","longitude":"77.76898","responsecode":200},{"latitude":"12.86533","longitude":"77.76919","responsecode":200},{"latitude":"12.86522","longitude":"77.76928","responsecode":200},{"latitude":"12.86475","longitude":"77.76968","responsecode":200},{"latitude":"12.864640000000001","longitude":"77.76978","responsecode":200},{"latitude":"12.862760000000002","longitude":"77.77143","responsecode":200},{"latitude":"12.862480000000001","longitude":"77.77167","responsecode":200},{"latitude":"12.862070000000001","longitude":"77.77202","responsecode":200},{"latitude":"12.862021","longitude":"77.772098","responsecode":200},{"latitude":"12.862021","longitude":"77.772098","responsecode":200},{"latitude":"12.86192","longitude":"77.77221","responsecode":200},{"latitude":"12.86186","longitude":"77.77233","responsecode":200},{"latitude":"12.86178","longitude":"77.77253","responsecode":200},{"latitude":"12.86171","longitude":"77.77283","responsecode":200},{"latitude":"12.86163","longitude":"77.77322","responsecode":200},{"latitude":"12.86158","longitude":"77.77346999999999","responsecode":200},{"latitude":"12.86134","longitude":"77.77477999999999","responsecode":200},{"latitude":"12.86126","longitude":"77.7752","responsecode":200},{"latitude":"12.8612","longitude":"77.77553999999999","responsecode":200},{"latitude":"12.86116","longitude":"77.77580999999999","responsecode":200},{"latitude":"12.86102","longitude":"77.77677999999999","responsecode":200},{"latitude":"12.86094","longitude":"77.77747999999998","responsecode":200},{"latitude":"12.86092","longitude":"77.77770999999998","responsecode":200},{"latitude":"12.86087","longitude":"77.77817999999999","responsecode":200},{"latitude":"12.86077","longitude":"77.77892999999999","responsecode":200},{"latitude":"12.86074","longitude":"77.77940999999998","responsecode":200},{"latitude":"12.86074","longitude":"77.77987999999999","responsecode":200},{"latitude":"12.86075","longitude":"77.78005999999999","responsecode":200},{"latitude":"12.86079","longitude":"77.78067999999999","responsecode":200},{"latitude":"12.860809999999999","longitude":"77.78084999999999","responsecode":200},{"latitude":"12.860829999999998","longitude":"77.78124999999999","responsecode":200},{"latitude":"12.860839999999998","longitude":"77.78143999999999","responsecode":200},{"latitude":"12.860859999999997","longitude":"77.78182","responsecode":200},{"latitude":"12.860869999999997","longitude":"77.78209","responsecode":200},{"latitude":"12.860889999999996","longitude":"77.7824","responsecode":200},{"latitude":"12.860929999999996","longitude":"77.7829","responsecode":200},{"latitude":"12.860969999999996","longitude":"77.78334","responsecode":200},{"latitude":"12.860989999999996","longitude":"77.78353","responsecode":200},{"latitude":"12.86099","longitude":"77.78353","responsecode":200},{"latitude":"12.86099","longitude":"77.78353","responsecode":200},{"latitude":"12.861009999999998","longitude":"77.78358","responsecode":200},{"latitude":"12.861009999999998","longitude":"77.78362","responsecode":200},{"latitude":"12.86099","longitude":"77.78365","responsecode":200},{"latitude":"12.86103","longitude":"77.78398","responsecode":200},{"latitude":"12.86107","longitude":"77.78424","responsecode":200},{"latitude":"12.861089999999999","longitude":"77.78442","responsecode":200},{"latitude":"12.861159999999998","longitude":"77.78492","responsecode":200},{"latitude":"12.861219999999998","longitude":"77.78526","responsecode":200},{"latitude":"12.861239999999997","longitude":"77.78541","responsecode":200},{"latitude":"12.861219999999998","longitude":"77.78552","responsecode":200},{"latitude":"12.861245999999998","longitude":"77.785629","responsecode":200},{"latitude":"12.861246","longitude":"77.785629","responsecode":200},{"latitude":"12.861246","longitude":"77.785629","responsecode":200}],"Message":"Success","Issuccess":true,"exception":null,"RowCount":1027,"responsecode":200}