{"data":[{"latitude":"12.97757","longitude":"77.5715","responsecode":200},{"latitude":"12.97757","longitude":"77.57133","responsecode":200},{"latitude":"12.97757","longitude":"77.57125","responsecode":200},{"latitude":"12.97757","longitude":"77.57109000000001","responsecode":200},{"latitude":"12.97757","longitude":"77.57100000000001","responsecode":200},{"latitude":"12.97776","longitude":"77.57099000000001","responsecode":200},{"latitude":"12.97785","longitude":"77.57099000000001","responsecode":200},{"latitude":"12.97817","longitude":"77.57102","responsecode":200},{"latitude":"12.97831","longitude":"77.57103000000001","responsecode":200},{"latitude":"12.97852","longitude":"77.57104000000001","responsecode":200},{"latitude":"12.9788","longitude":"77.57106000000002","responsecode":200},{"latitude":"12.97904","longitude":"77.57108000000002","responsecode":200},{"latitude":"12.97921","longitude":"77.57110000000003","responsecode":200},{"latitude":"12.97935","longitude":"77.57112000000004","responsecode":200},{"latitude":"12.97954","longitude":"77.57115000000003","responsecode":200},{"latitude":"12.97967","longitude":"77.57124000000003","responsecode":200},{"latitude":"12.97978","longitude":"77.57133000000003","responsecode":200},{"latitude":"12.97989","longitude":"77.57143000000003","responsecode":200},{"latitude":"12.979989999999999","longitude":"77.57154000000004","responsecode":200},{"latitude":"12.980049999999999","longitude":"77.57162000000004","responsecode":200},{"latitude":"12.979989999999999","longitude":"77.57168000000004","responsecode":200},{"latitude":"12.97992","longitude":"77.57177000000004","responsecode":200},{"latitude":"12.97984","longitude":"77.57187000000005","responsecode":200},{"latitude":"12.97975","longitude":"77.57200000000005","responsecode":200},{"latitude":"12.97955","longitude":"77.57187000000005","responsecode":200},{"latitude":"12.97951","longitude":"77.57178000000005","responsecode":200},{"latitude":"12.979479999999999","longitude":"77.57148000000005","responsecode":200},{"latitude":"12.979449999999998","longitude":"77.57141000000006","responsecode":200},{"latitude":"12.979369999999998","longitude":"77.57137000000006","responsecode":200},{"latitude":"12.979299999999999","longitude":"77.57133000000006","responsecode":200},{"latitude":"12.97914","longitude":"77.57133000000006","responsecode":200},{"latitude":"12.979161999999999","longitude":"77.57185300000006","responsecode":200}],"Message":"Success","Issuccess":true,"exception":null,"RowCount":32,"responsecode":200}