{"data":[{"latitude":"12.931749","longitude":"77.487724","responsecode":200},{"latitude":"12.93153","longitude":"77.48766","responsecode":200},{"latitude":"12.93106","longitude":"77.48751","responsecode":200},{"latitude":"12.93058","longitude":"77.48736","responsecode":200},{"latitude":"12.92984","longitude":"77.48716999999999","responsecode":200},{"latitude":"12.92938","longitude":"77.48701","responsecode":200},{"latitude":"12.92913","longitude":"77.48691","responsecode":200},{"latitude":"12.92894","longitude":"77.48683","responsecode":200},{"latitude":"12.92872","longitude":"77.48675","responsecode":200},{"latitude":"12.92857","longitude":"77.48669","responsecode":200},{"latitude":"12.92819","longitude":"77.48656","responsecode":200},{"latitude":"12.92819","longitude":"77.48656","responsecode":200},{"latitude":"12.92819","longitude":"77.48656","responsecode":200},{"latitude":"12.92791","longitude":"77.48647","responsecode":200},{"latitude":"12.92779","longitude":"77.48643","responsecode":200},{"latitude":"12.9276","longitude":"77.48636","responsecode":200},{"latitude":"12.92732","longitude":"77.48626","responsecode":200},{"latitude":"12.92705","longitude":"77.48615","responsecode":200},{"latitude":"12.926739999999999","longitude":"77.48603","responsecode":200},{"latitude":"12.926509999999999","longitude":"77.48595","responsecode":200},{"latitude":"12.926029999999999","longitude":"77.48578","responsecode":200},{"latitude":"12.925699999999999","longitude":"77.48566000000001","responsecode":200},{"latitude":"12.925279999999999","longitude":"77.48553000000001","responsecode":200},{"latitude":"12.924959999999999","longitude":"77.48541000000002","responsecode":200},{"latitude":"12.9249","longitude":"77.48539000000001","responsecode":200},{"latitude":"12.924819999999999","longitude":"77.48536000000001","responsecode":200},{"latitude":"12.924769999999999","longitude":"77.48533000000002","responsecode":200},{"latitude":"12.924669999999999","longitude":"77.48524000000002","responsecode":200},{"latitude":"12.924209999999999","longitude":"77.48509000000001","responsecode":200},{"latitude":"12.924029999999998","longitude":"77.48502000000002","responsecode":200},{"latitude":"12.923506999999999","longitude":"77.48484000000002","responsecode":200},{"latitude":"12.923507","longitude":"77.48484","responsecode":200},{"latitude":"12.923010000000001","longitude":"77.48467000000001","responsecode":200},{"latitude":"12.92284","longitude":"77.48461","responsecode":200},{"latitude":"12.922640000000001","longitude":"77.48454000000001","responsecode":200},{"latitude":"12.922440000000002","longitude":"77.48447000000002","responsecode":200},{"latitude":"12.921780000000002","longitude":"77.48422000000002","responsecode":200},{"latitude":"12.921420000000001","longitude":"77.48408000000002","responsecode":200},{"latitude":"12.921070000000002","longitude":"77.48394000000002","responsecode":200},{"latitude":"12.920710000000001","longitude":"77.48381000000002","responsecode":200},{"latitude":"12.920380000000002","longitude":"77.48368000000002","responsecode":200},{"latitude":"12.920080000000002","longitude":"77.48357000000001","responsecode":200},{"latitude":"12.919800000000002","longitude":"77.48346000000001","responsecode":200},{"latitude":"12.919140000000002","longitude":"77.48322","responsecode":200},{"latitude":"12.918640000000002","longitude":"77.48305","responsecode":200},{"latitude":"12.917950000000001","longitude":"77.48279000000001","responsecode":200},{"latitude":"12.91745","longitude":"77.4826","responsecode":200},{"latitude":"12.91719","longitude":"77.48251","responsecode":200},{"latitude":"12.916961","longitude":"77.482426","responsecode":200},{"latitude":"12.916961","longitude":"77.482426","responsecode":200},{"latitude":"12.916730000000001","longitude":"77.48234000000001","responsecode":200},{"latitude":"12.91651","longitude":"77.48226000000001","responsecode":200},{"latitude":"12.916260000000001","longitude":"77.48217000000001","responsecode":200},{"latitude":"12.91576","longitude":"77.48199000000001","responsecode":200},{"latitude":"12.9155","longitude":"77.48190000000001","responsecode":200},{"latitude":"12.9155","longitude":"77.4819","responsecode":200},{"latitude":"12.9155","longitude":"77.4819","responsecode":200},{"latitude":"12.91544","longitude":"77.48187999999999","responsecode":200},{"latitude":"12.915370000000001","longitude":"77.48183999999999","responsecode":200},{"latitude":"12.915170000000002","longitude":"77.48174999999999","responsecode":200},{"latitude":"12.915030000000002","longitude":"77.48169999999999","responsecode":200},{"latitude":"12.914730000000002","longitude":"77.48158","responsecode":200},{"latitude":"12.914480000000003","longitude":"77.4815","responsecode":200},{"latitude":"12.91448","longitude":"77.4815","responsecode":200},{"latitude":"12.91448","longitude":"77.4815","responsecode":200},{"latitude":"12.91428","longitude":"77.48142","responsecode":200},{"latitude":"12.914109999999999","longitude":"77.48136","responsecode":200},{"latitude":"12.91372","longitude":"77.48120999999999","responsecode":200},{"latitude":"12.912989999999999","longitude":"77.48092999999999","responsecode":200},{"latitude":"12.91274","longitude":"77.48082999999998","responsecode":200},{"latitude":"12.912289999999999","longitude":"77.48066999999999","responsecode":200},{"latitude":"12.912149999999999","longitude":"77.48060999999998","responsecode":200},{"latitude":"12.911999999999999","longitude":"77.48055999999998","responsecode":200},{"latitude":"12.91162","longitude":"77.48040999999998","responsecode":200},{"latitude":"12.91142","longitude":"77.48034999999997","responsecode":200},{"latitude":"12.91142","longitude":"77.48035","responsecode":200},{"latitude":"12.91142","longitude":"77.48035","responsecode":200},{"latitude":"12.910879999999999","longitude":"77.48018","responsecode":200},{"latitude":"12.910659999999998","longitude":"77.48014","responsecode":200},{"latitude":"12.910579999999998","longitude":"77.48015000000001","responsecode":200},{"latitude":"12.910479999999998","longitude":"77.48018","responsecode":200},{"latitude":"12.910409999999999","longitude":"77.48021","responsecode":200},{"latitude":"12.910289999999998","longitude":"77.48027","responsecode":200},{"latitude":"12.910229999999999","longitude":"77.4803","responsecode":200},{"latitude":"12.910169999999999","longitude":"77.48035","responsecode":200},{"latitude":"12.910129999999999","longitude":"77.48043","responsecode":200},{"latitude":"12.91011","longitude":"77.48057","responsecode":200},{"latitude":"12.9101","longitude":"77.4807","responsecode":200},{"latitude":"12.91011","longitude":"77.48084","responsecode":200},{"latitude":"12.91012","longitude":"77.48094","responsecode":200},{"latitude":"12.910139999999998","longitude":"77.48107","responsecode":200},{"latitude":"12.910169999999999","longitude":"77.48118000000001","responsecode":200},{"latitude":"12.910179999999999","longitude":"77.48123000000001","responsecode":200},{"latitude":"12.910179999999999","longitude":"77.48131000000001","responsecode":200},{"latitude":"12.910249999999998","longitude":"77.48148","responsecode":200},{"latitude":"12.910319999999997","longitude":"77.48166","responsecode":200},{"latitude":"12.910359999999997","longitude":"77.48177000000001","responsecode":200},{"latitude":"12.910389999999998","longitude":"77.48187000000001","responsecode":200},{"latitude":"12.910419999999998","longitude":"77.48200000000001","responsecode":200},{"latitude":"12.91042","longitude":"77.482","responsecode":200},{"latitude":"12.91042","longitude":"77.482","responsecode":200},{"latitude":"12.91043","longitude":"77.48207","responsecode":200},{"latitude":"12.91044","longitude":"77.48216","responsecode":200},{"latitude":"12.910449999999999","longitude":"77.48240999999999","responsecode":200},{"latitude":"12.910459999999999","longitude":"77.48259999999999","responsecode":200},{"latitude":"12.910459999999999","longitude":"77.48272999999999","responsecode":200},{"latitude":"12.91044","longitude":"77.4831","responsecode":200},{"latitude":"12.91043","longitude":"77.48339999999999","responsecode":200},{"latitude":"12.91043","longitude":"77.48373999999998","responsecode":200},{"latitude":"12.91044","longitude":"77.48383999999999","responsecode":200},{"latitude":"12.910459999999999","longitude":"77.48395","responsecode":200},{"latitude":"12.910479999999998","longitude":"77.48404","responsecode":200},{"latitude":"12.910509999999999","longitude":"77.48411999999999","responsecode":200},{"latitude":"12.910549999999999","longitude":"77.48418","responsecode":200},{"latitude":"12.910599999999999","longitude":"77.48424","responsecode":200},{"latitude":"12.910659999999998","longitude":"77.4843","responsecode":200},{"latitude":"12.910729999999997","longitude":"77.48437","responsecode":200},{"latitude":"12.910799999999997","longitude":"77.48443","responsecode":200},{"latitude":"12.910869999999996","longitude":"77.48448","responsecode":200},{"latitude":"12.910929999999995","longitude":"77.48452","responsecode":200},{"latitude":"12.910999999999994","longitude":"77.48456","responsecode":200},{"latitude":"12.911069999999993","longitude":"77.48459","responsecode":200},{"latitude":"12.911289999999994","longitude":"77.48465999999999","responsecode":200},{"latitude":"12.911429999999994","longitude":"77.48470999999999","responsecode":200},{"latitude":"12.912009999999993","longitude":"77.48487999999999","responsecode":200},{"latitude":"12.912229999999994","longitude":"77.48494","responsecode":200},{"latitude":"12.912329999999994","longitude":"77.48496999999999","responsecode":200},{"latitude":"12.912459999999994","longitude":"77.48500999999999","responsecode":200},{"latitude":"12.912569999999993","longitude":"77.48505999999999","responsecode":200},{"latitude":"12.912659999999994","longitude":"77.48510999999999","responsecode":200},{"latitude":"12.912739999999994","longitude":"77.48517","responsecode":200},{"latitude":"12.912809999999993","longitude":"77.48523","responsecode":200},{"latitude":"12.912879999999992","longitude":"77.4853","responsecode":200},{"latitude":"12.913209999999992","longitude":"77.48564999999999","responsecode":200},{"latitude":"12.913289999999993","longitude":"77.48573999999999","responsecode":200},{"latitude":"12.913549999999994","longitude":"77.48601","responsecode":200},{"latitude":"12.913819999999994","longitude":"77.48626999999999","responsecode":200},{"latitude":"12.914038999999994","longitude":"77.48647399999999","responsecode":200},{"latitude":"12.914039","longitude":"77.486474","responsecode":200},{"latitude":"12.91427","longitude":"77.48669","responsecode":200},{"latitude":"12.91445","longitude":"77.48684999999999","responsecode":200},{"latitude":"12.91482","longitude":"77.48719999999999","responsecode":200},{"latitude":"12.91511","longitude":"77.48749999999998","responsecode":200},{"latitude":"12.91526","longitude":"77.48766999999998","responsecode":200},{"latitude":"12.91542","longitude":"77.48785999999998","responsecode":200},{"latitude":"12.9155","longitude":"77.48795999999999","responsecode":200},{"latitude":"12.91558","longitude":"77.48807999999998","responsecode":200},{"latitude":"12.91592","longitude":"77.48859999999998","responsecode":200},{"latitude":"12.91628","longitude":"77.48912999999997","responsecode":200},{"latitude":"12.916500000000001","longitude":"77.48943999999997","responsecode":200},{"latitude":"12.91666","longitude":"77.48963999999998","responsecode":200},{"latitude":"12.91686","longitude":"77.48986999999998","responsecode":200},{"latitude":"12.917069999999999","longitude":"77.49005999999999","responsecode":200},{"latitude":"12.91739","longitude":"77.49031999999998","responsecode":200},{"latitude":"12.917494","longitude":"77.49040899999999","responsecode":200},{"latitude":"12.917494","longitude":"77.490409","responsecode":200},{"latitude":"12.91753","longitude":"77.49044","responsecode":200},{"latitude":"12.91765","longitude":"77.49053","responsecode":200},{"latitude":"12.91776","longitude":"77.49061","responsecode":200},{"latitude":"12.91793","longitude":"77.49072000000001","responsecode":200},{"latitude":"12.91803","longitude":"77.49079","responsecode":200},{"latitude":"12.91814","longitude":"77.49086","responsecode":200},{"latitude":"12.918239999999999","longitude":"77.49091","responsecode":200},{"latitude":"12.918339999999999","longitude":"77.49095","responsecode":200},{"latitude":"12.918529999999999","longitude":"77.49101999999999","responsecode":200},{"latitude":"12.9187","longitude":"77.49108999999999","responsecode":200},{"latitude":"12.91889","longitude":"77.49117999999999","responsecode":200},{"latitude":"12.91901","longitude":"77.49124999999998","responsecode":200},{"latitude":"12.91914","longitude":"77.49134999999998","responsecode":200},{"latitude":"12.919260000000001","longitude":"77.49144999999999","responsecode":200},{"latitude":"12.919380000000002","longitude":"77.49155999999999","responsecode":200},{"latitude":"12.919490000000001","longitude":"77.49167","responsecode":200},{"latitude":"12.919590000000001","longitude":"77.49178","responsecode":200},{"latitude":"12.9197","longitude":"77.49191","responsecode":200},{"latitude":"12.919870000000001","longitude":"77.49212","responsecode":200},{"latitude":"12.919970000000001","longitude":"77.49225","responsecode":200},{"latitude":"12.920110000000001","longitude":"77.49243","responsecode":200},{"latitude":"12.920200000000001","longitude":"77.49254","responsecode":200},{"latitude":"12.920290000000001","longitude":"77.49263","responsecode":200},{"latitude":"12.920470000000002","longitude":"77.49279","responsecode":200},{"latitude":"12.920620000000001","longitude":"77.4929","responsecode":200},{"latitude":"12.920740000000002","longitude":"77.49298","responsecode":200},{"latitude":"12.920850000000002","longitude":"77.49304000000001","responsecode":200},{"latitude":"12.920980000000002","longitude":"77.49313000000001","responsecode":200},{"latitude":"12.921260000000002","longitude":"77.49333000000001","responsecode":200},{"latitude":"12.921460000000002","longitude":"77.49351000000001","responsecode":200},{"latitude":"12.921660000000001","longitude":"77.49373000000001","responsecode":200},{"latitude":"12.92176","longitude":"77.49383000000002","responsecode":200},{"latitude":"12.92183","longitude":"77.49395000000001","responsecode":200},{"latitude":"12.921899999999999","longitude":"77.49408000000001","responsecode":200},{"latitude":"12.921969999999998","longitude":"77.49422000000001","responsecode":200},{"latitude":"12.922079999999998","longitude":"77.49443000000001","responsecode":200},{"latitude":"12.922189999999997","longitude":"77.49463000000002","responsecode":200},{"latitude":"12.922399999999996","longitude":"77.49501000000002","responsecode":200},{"latitude":"12.922649999999996","longitude":"77.49544000000002","responsecode":200},{"latitude":"12.922749999999995","longitude":"77.49561000000001","responsecode":200},{"latitude":"12.922829999999996","longitude":"77.49576000000002","responsecode":200},{"latitude":"12.922869999999996","longitude":"77.49584500000002","responsecode":200},{"latitude":"12.92287","longitude":"77.495845","responsecode":200},{"latitude":"12.92291","longitude":"77.49593","responsecode":200},{"latitude":"12.922979999999999","longitude":"77.4961","responsecode":200},{"latitude":"12.923049999999998","longitude":"77.49628","responsecode":200},{"latitude":"12.923089999999998","longitude":"77.49639","responsecode":200},{"latitude":"12.923119999999999","longitude":"77.49648","responsecode":200},{"latitude":"12.923169999999999","longitude":"77.49664","responsecode":200},{"latitude":"12.923219999999999","longitude":"77.49678","responsecode":200},{"latitude":"12.923269999999999","longitude":"77.4969","responsecode":200},{"latitude":"12.923329999999998","longitude":"77.49703","responsecode":200},{"latitude":"12.923379999999998","longitude":"77.49712","responsecode":200},{"latitude":"12.923439999999998","longitude":"77.49722","responsecode":200},{"latitude":"12.923519999999998","longitude":"77.49734","responsecode":200},{"latitude":"12.923609999999998","longitude":"77.49745","responsecode":200},{"latitude":"12.923869999999999","longitude":"77.49776","responsecode":200},{"latitude":"12.924009999999999","longitude":"77.49791","responsecode":200},{"latitude":"12.92414","longitude":"77.49806000000001","responsecode":200},{"latitude":"12.92431","longitude":"77.49822","responsecode":200},{"latitude":"12.9246","longitude":"77.4985","responsecode":200},{"latitude":"12.92477","longitude":"77.49870000000001","responsecode":200},{"latitude":"12.92484","longitude":"77.49877000000001","responsecode":200},{"latitude":"12.92497","longitude":"77.4989","responsecode":200},{"latitude":"12.92518","longitude":"77.49913000000001","responsecode":200},{"latitude":"12.925256","longitude":"77.49921300000001","responsecode":200},{"latitude":"12.925256","longitude":"77.499213","responsecode":200},{"latitude":"12.925289999999999","longitude":"77.49925","responsecode":200},{"latitude":"12.925419999999999","longitude":"77.49938","responsecode":200},{"latitude":"12.92578","longitude":"77.49976000000001","responsecode":200},{"latitude":"12.92591","longitude":"77.49989000000001","responsecode":200},{"latitude":"12.926","longitude":"77.49999000000001","responsecode":200},{"latitude":"12.92607","longitude":"77.50007000000001","responsecode":200},{"latitude":"12.926499999999999","longitude":"77.50063","responsecode":200},{"latitude":"12.926699999999999","longitude":"77.5009","responsecode":200},{"latitude":"12.92687","longitude":"77.50114","responsecode":200},{"latitude":"12.927069999999999","longitude":"77.50143000000001","responsecode":200},{"latitude":"12.92747","longitude":"77.50199","responsecode":200},{"latitude":"12.927579999999999","longitude":"77.50214000000001","responsecode":200},{"latitude":"12.927689999999998","longitude":"77.50227000000001","responsecode":200},{"latitude":"12.927789999999998","longitude":"77.50238000000002","responsecode":200},{"latitude":"12.927909999999999","longitude":"77.50250000000001","responsecode":200},{"latitude":"12.928109999999998","longitude":"77.50270000000002","responsecode":200},{"latitude":"12.928309999999998","longitude":"77.50289000000002","responsecode":200},{"latitude":"12.928499999999998","longitude":"77.50304000000003","responsecode":200},{"latitude":"12.928679999999998","longitude":"77.50320000000002","responsecode":200},{"latitude":"12.928839999999997","longitude":"77.50335000000003","responsecode":200},{"latitude":"12.928919999999998","longitude":"77.50343000000002","responsecode":200},{"latitude":"12.929029999999997","longitude":"77.50356000000002","responsecode":200},{"latitude":"12.929139999999997","longitude":"77.50372000000002","responsecode":200},{"latitude":"12.929229999999997","longitude":"77.50388000000001","responsecode":200},{"latitude":"12.929309999999997","longitude":"77.50406000000001","responsecode":200},{"latitude":"12.929369999999997","longitude":"77.50422","responsecode":200},{"latitude":"12.929479999999996","longitude":"77.50458","responsecode":200},{"latitude":"12.929509999999997","longitude":"77.50472","responsecode":200},{"latitude":"12.929549999999997","longitude":"77.50485","responsecode":200},{"latitude":"12.929599999999997","longitude":"77.50499","responsecode":200},{"latitude":"12.929669999999996","longitude":"77.50514000000001","responsecode":200},{"latitude":"12.929729999999996","longitude":"77.50524000000001","responsecode":200},{"latitude":"12.929799999999995","longitude":"77.50535000000002","responsecode":200},{"latitude":"12.929869999999994","longitude":"77.50545000000002","responsecode":200},{"latitude":"12.929949999999995","longitude":"77.50554000000002","responsecode":200},{"latitude":"12.930009999999994","longitude":"77.50560000000003","responsecode":200},{"latitude":"12.930071999999994","longitude":"77.50565000000003","responsecode":200},{"latitude":"12.930072","longitude":"77.50565","responsecode":200},{"latitude":"12.930109999999999","longitude":"77.50568","responsecode":200},{"latitude":"12.93029","longitude":"77.50581","responsecode":200},{"latitude":"12.930449999999999","longitude":"77.5059","responsecode":200},{"latitude":"12.930789999999998","longitude":"77.50608","responsecode":200},{"latitude":"12.930949999999998","longitude":"77.50617","responsecode":200},{"latitude":"12.931119999999998","longitude":"77.50628","responsecode":200},{"latitude":"12.931219999999998","longitude":"77.50636","responsecode":200},{"latitude":"12.931319999999998","longitude":"77.50646","responsecode":200},{"latitude":"12.931419999999997","longitude":"77.50658","responsecode":200},{"latitude":"12.931489999999997","longitude":"77.50668","responsecode":200},{"latitude":"12.931579999999997","longitude":"77.50681","responsecode":200},{"latitude":"12.932449999999998","longitude":"77.50812","responsecode":200},{"latitude":"12.932549999999997","longitude":"77.50825","responsecode":200},{"latitude":"12.932699999999997","longitude":"77.50844000000001","responsecode":200},{"latitude":"12.932839999999997","longitude":"77.5086","responsecode":200},{"latitude":"12.932999999999996","longitude":"77.50878","responsecode":200},{"latitude":"12.933119999999997","longitude":"77.5089","responsecode":200},{"latitude":"12.933419999999996","longitude":"77.50918","responsecode":200},{"latitude":"12.933709999999996","longitude":"77.50951","responsecode":200},{"latitude":"12.933939999999996","longitude":"77.50979000000001","responsecode":200},{"latitude":"12.934219999999996","longitude":"77.51011000000001","responsecode":200},{"latitude":"12.934389999999997","longitude":"77.51032000000001","responsecode":200},{"latitude":"12.934539999999997","longitude":"77.51052000000001","responsecode":200},{"latitude":"12.934659999999997","longitude":"77.51070000000001","responsecode":200},{"latitude":"12.934799999999997","longitude":"77.51093000000002","responsecode":200},{"latitude":"12.934929999999998","longitude":"77.51116000000002","responsecode":200},{"latitude":"12.935009999999998","longitude":"77.51132000000001","responsecode":200},{"latitude":"12.935059999999998","longitude":"77.51143000000002","responsecode":200},{"latitude":"12.935109999999998","longitude":"77.51155000000001","responsecode":200},{"latitude":"12.935149999999998","longitude":"77.51165000000002","responsecode":200},{"latitude":"12.935259999999998","longitude":"77.51194000000002","responsecode":200},{"latitude":"12.935619999999998","longitude":"77.51294000000003","responsecode":200},{"latitude":"12.935659999999999","longitude":"77.51307000000003","responsecode":200},{"latitude":"12.935719999999998","longitude":"77.51330000000003","responsecode":200},{"latitude":"12.93572","longitude":"77.5133","responsecode":200},{"latitude":"12.93572","longitude":"77.5133","responsecode":200},{"latitude":"12.93576","longitude":"77.51346","responsecode":200},{"latitude":"12.93581","longitude":"77.51366","responsecode":200},{"latitude":"12.93584","longitude":"77.51379","responsecode":200},{"latitude":"12.93589","longitude":"77.51396","responsecode":200},{"latitude":"12.93593","longitude":"77.51411999999999","responsecode":200},{"latitude":"12.935970000000001","longitude":"77.51427999999999","responsecode":200},{"latitude":"12.936000000000002","longitude":"77.51442999999999","responsecode":200},{"latitude":"12.936020000000001","longitude":"77.51454","responsecode":200},{"latitude":"12.936050000000002","longitude":"77.51472","responsecode":200},{"latitude":"12.93607","longitude":"77.51486","responsecode":200},{"latitude":"12.936150000000001","longitude":"77.51531","responsecode":200},{"latitude":"12.93622","longitude":"77.51575","responsecode":200},{"latitude":"12.93629","longitude":"77.51635","responsecode":200},{"latitude":"12.93632","longitude":"77.51658","responsecode":200},{"latitude":"12.93634","longitude":"77.51675","responsecode":200},{"latitude":"12.93637","longitude":"77.51699","responsecode":200},{"latitude":"12.93639","longitude":"77.5172","responsecode":200},{"latitude":"12.936409999999999","longitude":"77.51745","responsecode":200},{"latitude":"12.936429999999998","longitude":"77.51781","responsecode":200},{"latitude":"12.936439999999997","longitude":"77.51811","responsecode":200},{"latitude":"12.936449999999997","longitude":"77.51832999999999","responsecode":200},{"latitude":"12.936459999999997","longitude":"77.51844999999999","responsecode":200},{"latitude":"12.936469999999996","longitude":"77.51858999999999","responsecode":200},{"latitude":"12.936473999999997","longitude":"77.51861299999999","responsecode":200},{"latitude":"12.936474","longitude":"77.518613","responsecode":200},{"latitude":"12.9365","longitude":"77.51878","responsecode":200},{"latitude":"12.93657","longitude":"77.51902000000001","responsecode":200},{"latitude":"12.93665","longitude":"77.51928000000001","responsecode":200},{"latitude":"12.93674","longitude":"77.51955000000001","responsecode":200},{"latitude":"12.93682","longitude":"77.51978000000001","responsecode":200},{"latitude":"12.936900000000001","longitude":"77.52001000000001","responsecode":200},{"latitude":"12.936960000000001","longitude":"77.52016000000002","responsecode":200},{"latitude":"12.937040000000001","longitude":"77.52034000000002","responsecode":200},{"latitude":"12.937130000000002","longitude":"77.52048000000002","responsecode":200},{"latitude":"12.937230000000001","longitude":"77.52061000000002","responsecode":200},{"latitude":"12.937330000000001","longitude":"77.52072000000003","responsecode":200},{"latitude":"12.93743","longitude":"77.52082000000003","responsecode":200},{"latitude":"12.937560000000001","longitude":"77.52094000000002","responsecode":200},{"latitude":"12.93776","longitude":"77.52113000000003","responsecode":200},{"latitude":"12.937890000000001","longitude":"77.52124000000003","responsecode":200},{"latitude":"12.937990000000001","longitude":"77.52134000000004","responsecode":200},{"latitude":"12.938080000000001","longitude":"77.52144000000004","responsecode":200},{"latitude":"12.93819","longitude":"77.52157000000004","responsecode":200},{"latitude":"12.93829","longitude":"77.52170000000004","responsecode":200},{"latitude":"12.93838","longitude":"77.52182000000003","responsecode":200},{"latitude":"12.938460000000001","longitude":"77.52194000000003","responsecode":200},{"latitude":"12.93853","longitude":"77.52205000000004","responsecode":200},{"latitude":"12.93865","longitude":"77.52224000000004","responsecode":200},{"latitude":"12.938770000000002","longitude":"77.52243000000004","responsecode":200},{"latitude":"12.938900000000002","longitude":"77.52263000000005","responsecode":200},{"latitude":"12.939050000000002","longitude":"77.52284000000004","responsecode":200},{"latitude":"12.939210000000001","longitude":"77.52303000000005","responsecode":200},{"latitude":"12.939380000000002","longitude":"77.52320000000005","responsecode":200},{"latitude":"12.939600000000002","longitude":"77.52341000000004","responsecode":200},{"latitude":"12.939820000000003","longitude":"77.52362000000004","responsecode":200},{"latitude":"12.939839000000003","longitude":"77.52363700000004","responsecode":200},{"latitude":"12.939839","longitude":"77.523637","responsecode":200},{"latitude":"12.939919999999999","longitude":"77.52371","responsecode":200},{"latitude":"12.94004","longitude":"77.52382","responsecode":200},{"latitude":"12.94023","longitude":"77.52399","responsecode":200},{"latitude":"12.94038","longitude":"77.52411","responsecode":200},{"latitude":"12.940579999999999","longitude":"77.52426","responsecode":200},{"latitude":"12.940769999999999","longitude":"77.52439","responsecode":200},{"latitude":"12.940959999999999","longitude":"77.52452","responsecode":200},{"latitude":"12.941119999999998","longitude":"77.52462","responsecode":200},{"latitude":"12.941209999999998","longitude":"77.52468","responsecode":200},{"latitude":"12.941359999999998","longitude":"77.52477","responsecode":200},{"latitude":"12.942149999999998","longitude":"77.52527","responsecode":200},{"latitude":"12.942409999999999","longitude":"77.52544","responsecode":200},{"latitude":"12.94249","longitude":"77.52550000000001","responsecode":200},{"latitude":"12.942559999999999","longitude":"77.52555000000001","responsecode":200},{"latitude":"12.942689999999999","longitude":"77.52565000000001","responsecode":200},{"latitude":"12.942839999999999","longitude":"77.52575000000002","responsecode":200},{"latitude":"12.942870999999998","longitude":"77.52577300000002","responsecode":200},{"latitude":"12.942871","longitude":"77.525773","responsecode":200},{"latitude":"12.94299","longitude":"77.52586","responsecode":200},{"latitude":"12.94315","longitude":"77.52597999999999","responsecode":200},{"latitude":"12.94327","longitude":"77.52606999999999","responsecode":200},{"latitude":"12.94357","longitude":"77.52627999999999","responsecode":200},{"latitude":"12.94381","longitude":"77.52645999999999","responsecode":200},{"latitude":"12.944049999999999","longitude":"77.52665999999999","responsecode":200},{"latitude":"12.944139999999999","longitude":"77.52673999999999","responsecode":200},{"latitude":"12.94428","longitude":"77.52687999999999","responsecode":200},{"latitude":"12.9444","longitude":"77.52700999999999","responsecode":200},{"latitude":"12.94463","longitude":"77.52727999999999","responsecode":200},{"latitude":"12.94484","longitude":"77.52752","responsecode":200},{"latitude":"12.944949999999999","longitude":"77.52763999999999","responsecode":200},{"latitude":"12.945039999999999","longitude":"77.52774","responsecode":200},{"latitude":"12.94512","longitude":"77.52781999999999","responsecode":200},{"latitude":"12.945179999999999","longitude":"77.52787","responsecode":200},{"latitude":"12.945239999999998","longitude":"77.52790999999999","responsecode":200},{"latitude":"12.945339999999998","longitude":"77.52796","responsecode":200},{"latitude":"12.945469999999998","longitude":"77.52801","responsecode":200},{"latitude":"12.945569999999998","longitude":"77.52805","responsecode":200},{"latitude":"12.945639999999997","longitude":"77.5281","responsecode":200},{"latitude":"12.945699999999997","longitude":"77.52816","responsecode":200},{"latitude":"12.945759999999996","longitude":"77.52823","responsecode":200},{"latitude":"12.945809999999996","longitude":"77.52830999999999","responsecode":200},{"latitude":"12.945849999999997","longitude":"77.52838999999999","responsecode":200},{"latitude":"12.945889999999997","longitude":"77.52848999999999","responsecode":200},{"latitude":"12.945909999999996","longitude":"77.52857999999999","responsecode":200},{"latitude":"12.945909999999996","longitude":"77.52871999999999","responsecode":200},{"latitude":"12.945899999999996","longitude":"77.5289","responsecode":200},{"latitude":"12.946209999999997","longitude":"77.52959","responsecode":200},{"latitude":"12.946284999999998","longitude":"77.529764","responsecode":200},{"latitude":"12.946285","longitude":"77.529764","responsecode":200},{"latitude":"12.94656","longitude":"77.5304","responsecode":200},{"latitude":"12.946629999999999","longitude":"77.53053","responsecode":200},{"latitude":"12.94671","longitude":"77.53068999999999","responsecode":200},{"latitude":"12.94689","longitude":"77.53105","responsecode":200},{"latitude":"12.947","longitude":"77.53126999999999","responsecode":200},{"latitude":"12.94708","longitude":"77.53147999999999","responsecode":200},{"latitude":"12.947149999999999","longitude":"77.53168999999998","responsecode":200},{"latitude":"12.947209999999998","longitude":"77.53187999999999","responsecode":200},{"latitude":"12.947309999999998","longitude":"77.53224999999999","responsecode":200},{"latitude":"12.947409999999998","longitude":"77.53259999999999","responsecode":200},{"latitude":"12.947459999999998","longitude":"77.53277999999999","responsecode":200},{"latitude":"12.947469999999997","longitude":"77.53286999999999","responsecode":200},{"latitude":"12.947459999999998","longitude":"77.53298999999998","responsecode":200},{"latitude":"12.947629999999998","longitude":"77.53348999999999","responsecode":200},{"latitude":"12.947709999999999","longitude":"77.53371999999999","responsecode":200},{"latitude":"12.947779999999998","longitude":"77.53392","responsecode":200},{"latitude":"12.947829999999998","longitude":"77.53403","responsecode":200},{"latitude":"12.947879999999998","longitude":"77.53415","responsecode":200},{"latitude":"12.947929999999998","longitude":"77.53424","responsecode":200},{"latitude":"12.947979999999998","longitude":"77.53433","responsecode":200},{"latitude":"12.948059999999998","longitude":"77.53448","responsecode":200},{"latitude":"12.948139999999999","longitude":"77.53461","responsecode":200},{"latitude":"12.948279999999999","longitude":"77.53486","responsecode":200},{"latitude":"12.94855","longitude":"77.53535","responsecode":200},{"latitude":"12.948699999999999","longitude":"77.53559999999999","responsecode":200},{"latitude":"12.9487","longitude":"77.5356","responsecode":200},{"latitude":"12.9487","longitude":"77.5356","responsecode":200},{"latitude":"12.94886","longitude":"77.53583","responsecode":200},{"latitude":"12.94898","longitude":"77.536","responsecode":200},{"latitude":"12.94913","longitude":"77.53617","responsecode":200},{"latitude":"12.9494","longitude":"77.53648","responsecode":200},{"latitude":"12.949760000000001","longitude":"77.53684","responsecode":200},{"latitude":"12.949910000000001","longitude":"77.53701","responsecode":200},{"latitude":"12.950080000000002","longitude":"77.53721","responsecode":200},{"latitude":"12.950170000000002","longitude":"77.53729","responsecode":200},{"latitude":"12.950250000000002","longitude":"77.53735","responsecode":200},{"latitude":"12.950330000000003","longitude":"77.53739","responsecode":200},{"latitude":"12.950420000000003","longitude":"77.53743","responsecode":200},{"latitude":"12.950540000000004","longitude":"77.53746","responsecode":200},{"latitude":"12.950670000000004","longitude":"77.53748999999999","responsecode":200},{"latitude":"12.950790000000005","longitude":"77.5375","responsecode":200},{"latitude":"12.950870000000005","longitude":"77.53747999999999","responsecode":200},{"latitude":"12.951280000000006","longitude":"77.53728999999998","responsecode":200},{"latitude":"12.951377000000006","longitude":"77.53724899999999","responsecode":200},{"latitude":"12.951377","longitude":"77.537249","responsecode":200},{"latitude":"12.951590000000001","longitude":"77.53716","responsecode":200},{"latitude":"12.951950000000002","longitude":"77.53704","responsecode":200},{"latitude":"12.951980000000002","longitude":"77.53712","responsecode":200},{"latitude":"12.952120000000003","longitude":"77.53715","responsecode":200},{"latitude":"12.952190000000002","longitude":"77.53716","responsecode":200},{"latitude":"12.952310000000002","longitude":"77.5372","responsecode":200},{"latitude":"12.952410000000002","longitude":"77.53724","responsecode":200},{"latitude":"12.952490000000003","longitude":"77.53728","responsecode":200},{"latitude":"12.952690000000002","longitude":"77.53742","responsecode":200},{"latitude":"12.952740000000002","longitude":"77.53744999999999","responsecode":200},{"latitude":"12.952820000000003","longitude":"77.5375","responsecode":200},{"latitude":"12.952900000000003","longitude":"77.53756","responsecode":200},{"latitude":"12.952960000000003","longitude":"77.53763","responsecode":200},{"latitude":"12.953020000000002","longitude":"77.53770999999999","responsecode":200},{"latitude":"12.953070000000002","longitude":"77.53778999999999","responsecode":200},{"latitude":"12.953110000000002","longitude":"77.5379","responsecode":200},{"latitude":"12.953150000000003","longitude":"77.53802999999999","responsecode":200},{"latitude":"12.953230000000003","longitude":"77.53831","responsecode":200},{"latitude":"12.953150000000003","longitude":"77.5389","responsecode":200},{"latitude":"12.953050000000003","longitude":"77.53975","responsecode":200},{"latitude":"12.953010000000003","longitude":"77.54001","responsecode":200},{"latitude":"12.952980000000002","longitude":"77.54015","responsecode":200},{"latitude":"12.952940000000002","longitude":"77.5403","responsecode":200},{"latitude":"12.952890000000002","longitude":"77.54047","responsecode":200},{"latitude":"12.952890000000002","longitude":"77.54074","responsecode":200},{"latitude":"12.952890000000002","longitude":"77.54091","responsecode":200},{"latitude":"12.952910000000001","longitude":"77.54111999999999","responsecode":200},{"latitude":"12.95293","longitude":"77.54127999999999","responsecode":200},{"latitude":"12.95295","longitude":"77.54136999999999","responsecode":200},{"latitude":"12.95298","longitude":"77.54146999999999","responsecode":200},{"latitude":"12.95301","longitude":"77.54153","responsecode":200},{"latitude":"12.953050000000001","longitude":"77.54159999999999","responsecode":200},{"latitude":"12.953090000000001","longitude":"77.54166999999998","responsecode":200},{"latitude":"12.953140000000001","longitude":"77.54174999999998","responsecode":200},{"latitude":"12.953199000000001","longitude":"77.54182899999998","responsecode":200},{"latitude":"12.953199","longitude":"77.541829","responsecode":200},{"latitude":"12.95323","longitude":"77.54187","responsecode":200},{"latitude":"12.953389999999999","longitude":"77.54206","responsecode":200},{"latitude":"12.953489999999999","longitude":"77.54218","responsecode":200},{"latitude":"12.953529999999999","longitude":"77.54224","responsecode":200},{"latitude":"12.953579999999999","longitude":"77.54232","responsecode":200},{"latitude":"12.953629999999999","longitude":"77.54242","responsecode":200},{"latitude":"12.953669999999999","longitude":"77.54251000000001","responsecode":200},{"latitude":"12.953829999999998","longitude":"77.54299","responsecode":200},{"latitude":"12.953879999999998","longitude":"77.54314000000001","responsecode":200},{"latitude":"12.953929999999998","longitude":"77.54326","responsecode":200},{"latitude":"12.953989999999997","longitude":"77.54338","responsecode":200},{"latitude":"12.954049999999997","longitude":"77.54349","responsecode":200},{"latitude":"12.954109999999996","longitude":"77.54359000000001","responsecode":200},{"latitude":"12.954219999999996","longitude":"77.54375","responsecode":200},{"latitude":"12.954279999999995","longitude":"77.54383","responsecode":200},{"latitude":"12.954349999999994","longitude":"77.54392","responsecode":200},{"latitude":"12.954459999999994","longitude":"77.54406","responsecode":200},{"latitude":"12.954939999999993","longitude":"77.54462","responsecode":200},{"latitude":"12.955109999999994","longitude":"77.54482","responsecode":200},{"latitude":"12.955239999999995","longitude":"77.54498","responsecode":200},{"latitude":"12.955349999999994","longitude":"77.54513","responsecode":200},{"latitude":"12.955439999999994","longitude":"77.54527","responsecode":200},{"latitude":"12.955559999999995","longitude":"77.54545","responsecode":200},{"latitude":"12.955659999999995","longitude":"77.54561","responsecode":200},{"latitude":"12.955739999999995","longitude":"77.54575","responsecode":200},{"latitude":"12.955879999999995","longitude":"77.54601","responsecode":200},{"latitude":"12.95588","longitude":"77.54601","responsecode":200},{"latitude":"12.95588","longitude":"77.54601","responsecode":200},{"latitude":"12.95598","longitude":"77.54617999999999","responsecode":200},{"latitude":"12.95605","longitude":"77.54630999999999","responsecode":200},{"latitude":"12.956159999999999","longitude":"77.54652999999999","responsecode":200},{"latitude":"12.95624","longitude":"77.54668999999998","responsecode":200},{"latitude":"12.956309999999998","longitude":"77.54683999999999","responsecode":200},{"latitude":"12.956369999999998","longitude":"77.54702999999999","responsecode":200},{"latitude":"12.956409999999998","longitude":"77.54718999999999","responsecode":200},{"latitude":"12.956439999999999","longitude":"77.54733999999999","responsecode":200},{"latitude":"12.95652","longitude":"77.5478","responsecode":200},{"latitude":"12.956629999999999","longitude":"77.54836999999999","responsecode":200},{"latitude":"12.956669999999999","longitude":"77.54857999999999","responsecode":200},{"latitude":"12.956719999999999","longitude":"77.54887","responsecode":200},{"latitude":"12.95675","longitude":"77.54906","responsecode":200},{"latitude":"12.956819999999999","longitude":"77.54956","responsecode":200},{"latitude":"12.956839999999998","longitude":"77.5497","responsecode":200},{"latitude":"12.956899999999997","longitude":"77.55005","responsecode":200},{"latitude":"12.956999999999997","longitude":"77.55051","responsecode":200},{"latitude":"12.957049999999997","longitude":"77.55074","responsecode":200},{"latitude":"12.957089999999997","longitude":"77.5509","responsecode":200},{"latitude":"12.957139999999997","longitude":"77.55105999999999","responsecode":200},{"latitude":"12.957159999999996","longitude":"77.55112999999999","responsecode":200},{"latitude":"12.957209999999996","longitude":"77.55128999999998","responsecode":200},{"latitude":"12.957329999999997","longitude":"77.55167999999998","responsecode":200},{"latitude":"12.957389999999997","longitude":"77.55184999999997","responsecode":200},{"latitude":"12.95739","longitude":"77.55185","responsecode":200},{"latitude":"12.95739","longitude":"77.55185","responsecode":200},{"latitude":"12.95745","longitude":"77.55204","responsecode":200},{"latitude":"12.95748","longitude":"77.55215000000001","responsecode":200},{"latitude":"12.95757","longitude":"77.55247000000001","responsecode":200},{"latitude":"12.9577","longitude":"77.55288000000002","responsecode":200},{"latitude":"12.95781","longitude":"77.55321000000002","responsecode":200},{"latitude":"12.95792","longitude":"77.55352000000002","responsecode":200},{"latitude":"12.95802","longitude":"77.55382000000002","responsecode":200},{"latitude":"12.95811","longitude":"77.55410000000002","responsecode":200},{"latitude":"12.958179999999999","longitude":"77.55431000000002","responsecode":200},{"latitude":"12.958269999999999","longitude":"77.55454000000002","responsecode":200},{"latitude":"12.958329999999998","longitude":"77.55468000000002","responsecode":200},{"latitude":"12.958409999999999","longitude":"77.55483000000002","responsecode":200},{"latitude":"12.958519999999998","longitude":"77.55498000000003","responsecode":200},{"latitude":"12.958609999999998","longitude":"77.55510000000002","responsecode":200},{"latitude":"12.958709999999998","longitude":"77.55520000000003","responsecode":200},{"latitude":"12.958809999999998","longitude":"77.55528000000002","responsecode":200},{"latitude":"12.958929999999999","longitude":"77.55536000000002","responsecode":200},{"latitude":"12.9591","longitude":"77.55546000000002","responsecode":200},{"latitude":"12.959209999999999","longitude":"77.55552000000003","responsecode":200},{"latitude":"12.959299999999999","longitude":"77.55557000000003","responsecode":200},{"latitude":"12.959399999999999","longitude":"77.55563000000004","responsecode":200},{"latitude":"12.959489999999999","longitude":"77.55569000000004","responsecode":200},{"latitude":"12.95961","longitude":"77.55578000000004","responsecode":200},{"latitude":"12.959719999999999","longitude":"77.55594000000004","responsecode":200},{"latitude":"12.959869999999999","longitude":"77.55611000000003","responsecode":200},{"latitude":"12.959979999999998","longitude":"77.55629000000003","responsecode":200},{"latitude":"12.960089999999997","longitude":"77.55647000000003","responsecode":200},{"latitude":"12.960249999999997","longitude":"77.55671000000004","responsecode":200},{"latitude":"12.960361999999996","longitude":"77.55687300000004","responsecode":200},{"latitude":"12.960362","longitude":"77.556873","responsecode":200},{"latitude":"12.96038","longitude":"77.5569","responsecode":200},{"latitude":"12.96049","longitude":"77.55707","responsecode":200},{"latitude":"12.96058","longitude":"77.55718999999999","responsecode":200},{"latitude":"12.96067","longitude":"77.55731999999999","responsecode":200},{"latitude":"12.96074","longitude":"77.55735999999999","responsecode":200},{"latitude":"12.960799999999999","longitude":"77.55740999999999","responsecode":200},{"latitude":"12.960859999999998","longitude":"77.55751","responsecode":200},{"latitude":"12.960919999999998","longitude":"77.55763999999999","responsecode":200},{"latitude":"12.960979999999998","longitude":"77.55778","responsecode":200},{"latitude":"12.961059999999998","longitude":"77.55798","responsecode":200},{"latitude":"12.961119999999998","longitude":"77.55814","responsecode":200},{"latitude":"12.961179999999997","longitude":"77.55834","responsecode":200},{"latitude":"12.961239999999997","longitude":"77.55855","responsecode":200},{"latitude":"12.961289999999996","longitude":"77.55875","responsecode":200},{"latitude":"12.961329999999997","longitude":"77.55895000000001","responsecode":200},{"latitude":"12.961349999999996","longitude":"77.55905000000001","responsecode":200},{"latitude":"12.961379999999997","longitude":"77.55924000000002","responsecode":200},{"latitude":"12.961409999999997","longitude":"77.55939000000002","responsecode":200},{"latitude":"12.961429999999996","longitude":"77.55949000000003","responsecode":200},{"latitude":"12.961459999999997","longitude":"77.55964000000003","responsecode":200},{"latitude":"12.961499999999997","longitude":"77.55983000000003","responsecode":200},{"latitude":"12.961639999999997","longitude":"77.56052000000004","responsecode":200},{"latitude":"12.961679999999998","longitude":"77.56073000000004","responsecode":200},{"latitude":"12.961699999999997","longitude":"77.56092000000004","responsecode":200},{"latitude":"12.961709999999997","longitude":"77.56112000000005","responsecode":200},{"latitude":"12.961699999999997","longitude":"77.56147000000004","responsecode":200},{"latitude":"12.961699999999997","longitude":"77.56170000000004","responsecode":200},{"latitude":"12.961719999999996","longitude":"77.56204000000004","responsecode":200},{"latitude":"12.961739999999995","longitude":"77.56224000000005","responsecode":200},{"latitude":"12.961769999999996","longitude":"77.56239000000005","responsecode":200},{"latitude":"12.961809999999996","longitude":"77.56255000000004","responsecode":200},{"latitude":"12.961929999999997","longitude":"77.56303000000004","responsecode":200},{"latitude":"12.961989999999997","longitude":"77.56324000000004","responsecode":200},{"latitude":"12.962109999999997","longitude":"77.56358000000003","responsecode":200},{"latitude":"12.962339999999998","longitude":"77.56420000000003","responsecode":200},{"latitude":"12.962429999999998","longitude":"77.56444000000003","responsecode":200},{"latitude":"12.962849999999998","longitude":"77.56576000000004","responsecode":200},{"latitude":"12.962899999999998","longitude":"77.56593000000004","responsecode":200},{"latitude":"12.962999999999997","longitude":"77.56628000000003","responsecode":200},{"latitude":"12.963099999999997","longitude":"77.56664000000004","responsecode":200},{"latitude":"12.963169999999996","longitude":"77.56688000000004","responsecode":200},{"latitude":"12.963229999999996","longitude":"77.56706000000004","responsecode":200},{"latitude":"12.963289999999995","longitude":"77.56721000000005","responsecode":200},{"latitude":"12.963349999999995","longitude":"77.56736000000005","responsecode":200},{"latitude":"12.963389999999995","longitude":"77.56745000000005","responsecode":200},{"latitude":"12.963469999999996","longitude":"77.56763000000005","responsecode":200},{"latitude":"12.963769999999995","longitude":"77.56832000000006","responsecode":200},{"latitude":"12.96377","longitude":"77.56832","responsecode":200},{"latitude":"12.96377","longitude":"77.56832","responsecode":200},{"latitude":"12.96393","longitude":"77.56871","responsecode":200},{"latitude":"12.96401","longitude":"77.56894","responsecode":200},{"latitude":"12.9641","longitude":"77.56921","responsecode":200},{"latitude":"12.96416","longitude":"77.56941","responsecode":200},{"latitude":"12.9642","longitude":"77.56957","responsecode":200},{"latitude":"12.96425","longitude":"77.56981","responsecode":200},{"latitude":"12.964269999999999","longitude":"77.56993","responsecode":200},{"latitude":"12.9643","longitude":"77.57008","responsecode":200},{"latitude":"12.964319999999999","longitude":"77.57022","responsecode":200},{"latitude":"12.964369999999999","longitude":"77.57063000000001","responsecode":200},{"latitude":"12.9644","longitude":"77.57097","responsecode":200},{"latitude":"12.964419999999999","longitude":"77.5712","responsecode":200},{"latitude":"12.964489999999998","longitude":"77.57211000000001","responsecode":200},{"latitude":"12.964509999999997","longitude":"77.57238000000001","responsecode":200},{"latitude":"12.964539999999998","longitude":"77.57267000000002","responsecode":200},{"latitude":"12.964619999999998","longitude":"77.57369000000001","responsecode":200},{"latitude":"12.964659999999999","longitude":"77.57415000000002","responsecode":200},{"latitude":"12.964679999999998","longitude":"77.57433000000002","responsecode":200},{"latitude":"12.964699999999997","longitude":"77.57444000000002","responsecode":200},{"latitude":"12.964729999999998","longitude":"77.57456000000002","responsecode":200},{"latitude":"12.964759999999998","longitude":"77.57466000000002","responsecode":200},{"latitude":"12.964799999999999","longitude":"77.57480000000002","responsecode":200},{"latitude":"12.965039999999998","longitude":"77.57499000000003","responsecode":200},{"latitude":"12.965169999999999","longitude":"77.57508000000003","responsecode":200},{"latitude":"12.96534","longitude":"77.57519000000003","responsecode":200},{"latitude":"12.96525","longitude":"77.57533000000004","responsecode":200},{"latitude":"12.96514","longitude":"77.57546000000004","responsecode":200},{"latitude":"12.96505","longitude":"77.57563000000003","responsecode":200},{"latitude":"12.96487","longitude":"77.57598000000003","responsecode":200},{"latitude":"12.96472","longitude":"77.57628000000003","responsecode":200},{"latitude":"12.96467","longitude":"77.57641000000002","responsecode":200},{"latitude":"12.9646","longitude":"77.57638000000003","responsecode":200},{"latitude":"12.964530000000002","longitude":"77.57658000000004","responsecode":200},{"latitude":"12.964496000000002","longitude":"77.57667500000004","responsecode":200},{"latitude":"12.964496","longitude":"77.576675","responsecode":200},{"latitude":"12.96447","longitude":"77.57674999999999","responsecode":200},{"latitude":"12.964400000000001","longitude":"77.57695999999999","responsecode":200},{"latitude":"12.964390000000002","longitude":"77.57705999999999","responsecode":200},{"latitude":"12.964400000000001","longitude":"77.57717","responsecode":200},{"latitude":"12.964430000000002","longitude":"77.57746999999999","responsecode":200},{"latitude":"12.964440000000002","longitude":"77.57751999999999","responsecode":200},{"latitude":"12.964440000000002","longitude":"77.57758","responsecode":200},{"latitude":"12.964440000000002","longitude":"77.57764","responsecode":200},{"latitude":"12.964420000000002","longitude":"77.57794","responsecode":200},{"latitude":"12.964380000000002","longitude":"77.57836","responsecode":200},{"latitude":"12.964310000000003","longitude":"77.57901","responsecode":200},{"latitude":"12.964180000000002","longitude":"77.58037","responsecode":200},{"latitude":"12.964140000000002","longitude":"77.58081","responsecode":200},{"latitude":"12.964110000000002","longitude":"77.58116","responsecode":200},{"latitude":"12.964080000000001","longitude":"77.58155","responsecode":200},{"latitude":"12.964060000000002","longitude":"77.58179999999999","responsecode":200},{"latitude":"12.964030000000001","longitude":"77.58221999999999","responsecode":200},{"latitude":"12.964010000000002","longitude":"77.58237999999999","responsecode":200},{"latitude":"12.963980000000001","longitude":"77.58271999999998","responsecode":200},{"latitude":"12.963960000000002","longitude":"77.58295999999999","responsecode":200},{"latitude":"12.963930000000001","longitude":"77.58345999999999","responsecode":200},{"latitude":"12.963920000000002","longitude":"77.58375999999998","responsecode":200},{"latitude":"12.963910000000002","longitude":"77.58394999999999","responsecode":200},{"latitude":"12.963910000000002","longitude":"77.58401999999998","responsecode":200},{"latitude":"12.964090000000002","longitude":"77.58402499999998","responsecode":200},{"latitude":"12.96409","longitude":"77.584025","responsecode":200},{"latitude":"12.96465","longitude":"77.58404","responsecode":200},{"latitude":"12.964770000000001","longitude":"77.58405","responsecode":200},{"latitude":"12.965190000000002","longitude":"77.58414","responsecode":200},{"latitude":"12.965310000000002","longitude":"77.58419","responsecode":200},{"latitude":"12.965320000000002","longitude":"77.58433000000001","responsecode":200},{"latitude":"12.965370000000002","longitude":"77.58461000000001","responsecode":200},{"latitude":"12.965410000000002","longitude":"77.58479000000001","responsecode":200},{"latitude":"12.965470000000002","longitude":"77.58496000000001","responsecode":200},{"latitude":"12.96554","longitude":"77.58518000000001","responsecode":200},{"latitude":"12.96587","longitude":"77.58638","responsecode":200},{"latitude":"12.9656","longitude":"77.58669","responsecode":200},{"latitude":"12.96552","longitude":"77.58684000000001","responsecode":200},{"latitude":"12.96529","longitude":"77.58709","responsecode":200},{"latitude":"12.96514","longitude":"77.58728","responsecode":200},{"latitude":"12.96495","longitude":"77.58749","responsecode":200},{"latitude":"12.964743","longitude":"77.587739","responsecode":200},{"latitude":"12.964743","longitude":"77.587739","responsecode":200},{"latitude":"12.964500000000001","longitude":"77.58803","responsecode":200},{"latitude":"12.96396","longitude":"77.58863000000001","responsecode":200},{"latitude":"12.96346","longitude":"77.58915","responsecode":200},{"latitude":"12.96337","longitude":"77.58925","responsecode":200},{"latitude":"12.96314","longitude":"77.58945000000001","responsecode":200},{"latitude":"12.96299","longitude":"77.58957000000001","responsecode":200},{"latitude":"12.962869999999999","longitude":"77.58982","responsecode":200},{"latitude":"12.962839999999998","longitude":"77.5899","responsecode":200},{"latitude":"12.962809999999998","longitude":"77.59","responsecode":200},{"latitude":"12.962769999999997","longitude":"77.59013","responsecode":200},{"latitude":"12.962729999999997","longitude":"77.59027","responsecode":200},{"latitude":"12.962699999999996","longitude":"77.59045","responsecode":200},{"latitude":"12.962679999999997","longitude":"77.59062","responsecode":200},{"latitude":"12.962658999999997","longitude":"77.59093","responsecode":200},{"latitude":"12.962659","longitude":"77.59093","responsecode":200},{"latitude":"12.96265","longitude":"77.59107","responsecode":200},{"latitude":"12.96264","longitude":"77.59115","responsecode":200},{"latitude":"12.96254","longitude":"77.59179","responsecode":200},{"latitude":"12.962470000000001","longitude":"77.59206","responsecode":200},{"latitude":"12.96249","longitude":"77.59215","responsecode":200},{"latitude":"12.96249","longitude":"77.59222","responsecode":200},{"latitude":"12.96237","longitude":"77.59279","responsecode":200},{"latitude":"12.9623","longitude":"77.5933","responsecode":200},{"latitude":"12.96227","longitude":"77.59357","responsecode":200},{"latitude":"12.96226","longitude":"77.59377","responsecode":200},{"latitude":"12.96228","longitude":"77.59415000000001","responsecode":200},{"latitude":"12.962299999999999","longitude":"77.59434000000002","responsecode":200},{"latitude":"12.96234","longitude":"77.59453000000002","responsecode":200},{"latitude":"12.96228","longitude":"77.59458000000002","responsecode":200},{"latitude":"12.9622","longitude":"77.59465000000002","responsecode":200},{"latitude":"12.962169999999999","longitude":"77.59468000000001","responsecode":200},{"latitude":"12.962139999999998","longitude":"77.59472000000001","responsecode":200},{"latitude":"12.962039999999998","longitude":"77.59464000000001","responsecode":200},{"latitude":"12.961859999999998","longitude":"77.59455000000001","responsecode":200},{"latitude":"12.960829999999998","longitude":"77.59417","responsecode":200},{"latitude":"12.960279999999997","longitude":"77.59395","responsecode":200},{"latitude":"12.959909999999997","longitude":"77.5938","responsecode":200},{"latitude":"12.959599999999996","longitude":"77.5937","responsecode":200},{"latitude":"12.959489999999997","longitude":"77.59366","responsecode":200},{"latitude":"12.959409999999997","longitude":"77.59363","responsecode":200},{"latitude":"12.959359999999997","longitude":"77.59360000000001","responsecode":200},{"latitude":"12.959299999999997","longitude":"77.59353000000002","responsecode":200},{"latitude":"12.959199999999997","longitude":"77.59348000000001","responsecode":200},{"latitude":"12.958959999999998","longitude":"77.59337000000001","responsecode":200},{"latitude":"12.958799999999998","longitude":"77.59330000000001","responsecode":200},{"latitude":"12.958629999999998","longitude":"77.59324000000001","responsecode":200},{"latitude":"12.958449999999997","longitude":"77.59318","responsecode":200},{"latitude":"12.958069999999998","longitude":"77.59305","responsecode":200},{"latitude":"12.957819999999998","longitude":"77.59295","responsecode":200},{"latitude":"12.957588999999999","longitude":"77.59286300000001","responsecode":200},{"latitude":"12.957589","longitude":"77.592863","responsecode":200},{"latitude":"12.957370000000001","longitude":"77.59277999999999","responsecode":200},{"latitude":"12.95667","longitude":"77.59253","responsecode":200},{"latitude":"12.956280000000001","longitude":"77.59239","responsecode":200},{"latitude":"12.956100000000001","longitude":"77.59232","responsecode":200},{"latitude":"12.95598","longitude":"77.59228","responsecode":200},{"latitude":"12.95585","longitude":"77.59224","responsecode":200},{"latitude":"12.95575","longitude":"77.5922","responsecode":200},{"latitude":"12.95546","longitude":"77.59257000000001","responsecode":200},{"latitude":"12.95531","longitude":"77.59275000000001","responsecode":200},{"latitude":"12.955","longitude":"77.5931","responsecode":200},{"latitude":"12.95487","longitude":"77.59299","responsecode":200},{"latitude":"12.95491","longitude":"77.59294","responsecode":200},{"latitude":"12.95495","longitude":"77.59285","responsecode":200},{"latitude":"12.955039","longitude":"77.592769","responsecode":200},{"latitude":"12.955039","longitude":"77.592769","responsecode":200},{"latitude":"12.955039","longitude":"77.592769","responsecode":200},{"latitude":"12.95504","longitude":"77.59277","responsecode":200},{"latitude":"12.95505","longitude":"77.59274","responsecode":200},{"latitude":"12.95457","longitude":"77.59261","responsecode":200}],"Message":"Success","Issuccess":true,"exception":null,"RowCount":765,"responsecode":200}