{"data":[{"latitude":"13.29349","longitude":"77.54214","responsecode":200},{"latitude":"13.293750000000001","longitude":"77.54216000000001","responsecode":200},{"latitude":"13.294060000000002","longitude":"77.54218000000002","responsecode":200},{"latitude":"13.294350000000001","longitude":"77.54221000000001","responsecode":200},{"latitude":"13.29435","longitude":"77.54221","responsecode":200},{"latitude":"13.29435","longitude":"77.54221","responsecode":200},{"latitude":"13.29391","longitude":"77.54307","responsecode":200},{"latitude":"13.29371","longitude":"77.54355","responsecode":200},{"latitude":"13.29367","longitude":"77.54365","responsecode":200},{"latitude":"13.2935","longitude":"77.54403","responsecode":200},{"latitude":"13.29333","longitude":"77.54415","responsecode":200},{"latitude":"13.29317","longitude":"77.54422","responsecode":200},{"latitude":"13.29298","longitude":"77.54427","responsecode":200},{"latitude":"13.29292","longitude":"77.54429","responsecode":200},{"latitude":"13.2927","longitude":"77.54432","responsecode":200},{"latitude":"13.29262","longitude":"77.54436","responsecode":200},{"latitude":"13.292449999999999","longitude":"77.54441","responsecode":200},{"latitude":"13.292269999999998","longitude":"77.54445","responsecode":200},{"latitude":"13.292129999999998","longitude":"77.54445","responsecode":200},{"latitude":"13.292079999999999","longitude":"77.54442999999999","responsecode":200},{"latitude":"13.291889999999999","longitude":"77.54437999999999","responsecode":200},{"latitude":"13.29182","longitude":"77.54435","responsecode":200},{"latitude":"13.291559999999999","longitude":"77.54427","responsecode":200},{"latitude":"13.291369999999999","longitude":"77.54420999999999","responsecode":200},{"latitude":"13.291059999999998","longitude":"77.54414999999999","responsecode":200},{"latitude":"13.290959999999998","longitude":"77.54412999999998","responsecode":200},{"latitude":"13.290769999999998","longitude":"77.54409999999999","responsecode":200},{"latitude":"13.290659999999999","longitude":"77.54405999999999","responsecode":200},{"latitude":"13.2905","longitude":"77.54402999999999","responsecode":200},{"latitude":"13.29035","longitude":"77.54399","responsecode":200},{"latitude":"13.29018","longitude":"77.54395","responsecode":200},{"latitude":"13.29007","longitude":"77.54392999999999","responsecode":200},{"latitude":"13.2897","longitude":"77.54390999999998","responsecode":200},{"latitude":"13.2896","longitude":"77.54390999999998","responsecode":200},{"latitude":"13.28945","longitude":"77.54392999999999","responsecode":200},{"latitude":"13.28899","longitude":"77.54393999999999","responsecode":200},{"latitude":"13.2887","longitude":"77.54393999999999","responsecode":200},{"latitude":"13.288350000000001","longitude":"77.54395","responsecode":200},{"latitude":"13.288140000000002","longitude":"77.54395","responsecode":200},{"latitude":"13.287930000000003","longitude":"77.54396","responsecode":200},{"latitude":"13.287480000000002","longitude":"77.54395","responsecode":200},{"latitude":"13.28748","longitude":"77.54395","responsecode":200},{"latitude":"13.28748","longitude":"77.54395","responsecode":200},{"latitude":"13.28747","longitude":"77.54399","responsecode":200},{"latitude":"13.28744","longitude":"77.54401","responsecode":200},{"latitude":"13.28741","longitude":"77.54402","responsecode":200},{"latitude":"13.28737","longitude":"77.54402","responsecode":200},{"latitude":"13.287339999999999","longitude":"77.544","responsecode":200},{"latitude":"13.287219999999998","longitude":"77.54406","responsecode":200},{"latitude":"13.286979999999998","longitude":"77.54413","responsecode":200},{"latitude":"13.286739999999998","longitude":"77.54418","responsecode":200},{"latitude":"13.286389999999999","longitude":"77.54424999999999","responsecode":200},{"latitude":"13.28615","longitude":"77.54431999999998","responsecode":200},{"latitude":"13.28601","longitude":"77.54441999999999","responsecode":200},{"latitude":"13.28591","longitude":"77.54454999999999","responsecode":200},{"latitude":"13.28576","longitude":"77.54475999999998","responsecode":200},{"latitude":"13.28565","longitude":"77.54491999999998","responsecode":200},{"latitude":"13.28545","longitude":"77.54511999999998","responsecode":200},{"latitude":"13.284540000000002","longitude":"77.54584999999999","responsecode":200},{"latitude":"13.284290000000002","longitude":"77.54603999999999","responsecode":200},{"latitude":"13.283900000000003","longitude":"77.54633999999999","responsecode":200},{"latitude":"13.283770000000002","longitude":"77.54645","responsecode":200},{"latitude":"13.283510000000001","longitude":"77.54665","responsecode":200},{"latitude":"13.283300000000002","longitude":"77.54686","responsecode":200},{"latitude":"13.283150000000003","longitude":"77.54697999999999","responsecode":200},{"latitude":"13.283030000000002","longitude":"77.54706999999999","responsecode":200},{"latitude":"13.282830000000002","longitude":"77.54722999999998","responsecode":200},{"latitude":"13.282682000000003","longitude":"77.54732299999999","responsecode":200},{"latitude":"13.282682","longitude":"77.547323","responsecode":200},{"latitude":"13.28267","longitude":"77.54733","responsecode":200},{"latitude":"13.28252","longitude":"77.54744000000001","responsecode":200},{"latitude":"13.28242","longitude":"77.54761","responsecode":200},{"latitude":"13.28239","longitude":"77.54782","responsecode":200},{"latitude":"13.282399999999999","longitude":"77.54802000000001","responsecode":200},{"latitude":"13.282359999999999","longitude":"77.54866000000001","responsecode":200},{"latitude":"13.282359999999999","longitude":"77.549","responsecode":200},{"latitude":"13.28234","longitude":"77.54953","responsecode":200},{"latitude":"13.28233","longitude":"77.54981000000001","responsecode":200},{"latitude":"13.28231","longitude":"77.55001000000001","responsecode":200},{"latitude":"13.28231","longitude":"77.55019000000001","responsecode":200},{"latitude":"13.28227","longitude":"77.55033000000002","responsecode":200},{"latitude":"13.28226","longitude":"77.55058000000001","responsecode":200},{"latitude":"13.282250000000001","longitude":"77.55071000000001","responsecode":200},{"latitude":"13.282240000000002","longitude":"77.55091000000002","responsecode":200},{"latitude":"13.282210000000001","longitude":"77.55104000000001","responsecode":200},{"latitude":"13.282160000000001","longitude":"77.55124000000002","responsecode":200},{"latitude":"13.282140000000002","longitude":"77.55130000000003","responsecode":200},{"latitude":"13.282060000000001","longitude":"77.55142000000002","responsecode":200},{"latitude":"13.282000000000002","longitude":"77.55146000000002","responsecode":200},{"latitude":"13.281860000000002","longitude":"77.55150000000002","responsecode":200},{"latitude":"13.281700000000003","longitude":"77.55152000000002","responsecode":200},{"latitude":"13.281560000000002","longitude":"77.55152000000002","responsecode":200},{"latitude":"13.281200000000002","longitude":"77.55153000000003","responsecode":200},{"latitude":"13.280850000000003","longitude":"77.55155000000003","responsecode":200},{"latitude":"13.280810000000002","longitude":"77.55157000000004","responsecode":200},{"latitude":"13.280749000000002","longitude":"77.55160800000004","responsecode":200},{"latitude":"13.280749","longitude":"77.551608","responsecode":200},{"latitude":"13.280749","longitude":"77.551608","responsecode":200},{"latitude":"13.28075","longitude":"77.55161","responsecode":200},{"latitude":"13.28067","longitude":"77.55171","responsecode":200},{"latitude":"13.28041","longitude":"77.55172","responsecode":200},{"latitude":"13.28041","longitude":"77.55172","responsecode":200},{"latitude":"13.28041","longitude":"77.55172","responsecode":200},{"latitude":"13.28041","longitude":"77.55172","responsecode":200},{"latitude":"13.28041","longitude":"77.55172","responsecode":200},{"latitude":"13.280289999999999","longitude":"77.55172","responsecode":200},{"latitude":"13.28013","longitude":"77.55172","responsecode":200},{"latitude":"13.27856","longitude":"77.55179","responsecode":200},{"latitude":"13.27842","longitude":"77.5518","responsecode":200},{"latitude":"13.278220000000001","longitude":"77.55181","responsecode":200},{"latitude":"13.27814","longitude":"77.55181","responsecode":200},{"latitude":"13.27783","longitude":"77.5518","responsecode":200},{"latitude":"13.27761","longitude":"77.5518","responsecode":200},{"latitude":"13.2774","longitude":"77.55181","responsecode":200},{"latitude":"13.27446","longitude":"77.55199","responsecode":200},{"latitude":"13.27423","longitude":"77.552","responsecode":200},{"latitude":"13.27271","longitude":"77.55205000000001","responsecode":200},{"latitude":"13.27271","longitude":"77.55205","responsecode":200},{"latitude":"13.27271","longitude":"77.55205","responsecode":200},{"latitude":"13.27263","longitude":"77.55205","responsecode":200},{"latitude":"13.27249","longitude":"77.55206","responsecode":200},{"latitude":"13.272409999999999","longitude":"77.55207","responsecode":200},{"latitude":"13.270549999999998","longitude":"77.55217","responsecode":200},{"latitude":"13.270189999999998","longitude":"77.55219000000001","responsecode":200},{"latitude":"13.269219999999997","longitude":"77.552305","responsecode":200},{"latitude":"13.26922","longitude":"77.552305","responsecode":200},{"latitude":"13.26909","longitude":"77.55232000000001","responsecode":200},{"latitude":"13.26889","longitude":"77.55236000000001","responsecode":200},{"latitude":"13.268260000000001","longitude":"77.55243","responsecode":200},{"latitude":"13.267660000000001","longitude":"77.55251","responsecode":200},{"latitude":"13.267290000000001","longitude":"77.55255","responsecode":200},{"latitude":"13.26711","longitude":"77.55257","responsecode":200},{"latitude":"13.26684","longitude":"77.5526","responsecode":200},{"latitude":"13.26655","longitude":"77.55263","responsecode":200},{"latitude":"13.26598","longitude":"77.55268","responsecode":200},{"latitude":"13.26534","longitude":"77.55274999999999","responsecode":200},{"latitude":"13.26464","longitude":"77.55279999999999","responsecode":200},{"latitude":"13.26417","longitude":"77.55281","responsecode":200},{"latitude":"13.26348","longitude":"77.55279999999999","responsecode":200},{"latitude":"13.263449999999999","longitude":"77.55279999999999","responsecode":200},{"latitude":"13.26315","longitude":"77.55277999999998","responsecode":200},{"latitude":"13.262559999999999","longitude":"77.55273999999999","responsecode":200},{"latitude":"13.262039999999999","longitude":"77.55271999999998","responsecode":200},{"latitude":"13.26175","longitude":"77.55270999999998","responsecode":200},{"latitude":"13.26175","longitude":"77.55271","responsecode":200},{"latitude":"13.26175","longitude":"77.55271","responsecode":200},{"latitude":"13.26137","longitude":"77.55269","responsecode":200},{"latitude":"13.260869999999999","longitude":"77.55265","responsecode":200},{"latitude":"13.26048","longitude":"77.55263","responsecode":200},{"latitude":"13.260079999999999","longitude":"77.55260999999999","responsecode":200},{"latitude":"13.259809999999998","longitude":"77.55261999999999","responsecode":200},{"latitude":"13.259509999999999","longitude":"77.55264","responsecode":200},{"latitude":"13.259269999999999","longitude":"77.55268","responsecode":200},{"latitude":"13.258959999999998","longitude":"77.55272","responsecode":200},{"latitude":"13.258689999999998","longitude":"77.55277","responsecode":200},{"latitude":"13.258369999999998","longitude":"77.55279999999999","responsecode":200},{"latitude":"13.258109999999997","longitude":"77.55281199999999","responsecode":200},{"latitude":"13.25811","longitude":"77.552812","responsecode":200},{"latitude":"13.25794","longitude":"77.55282","responsecode":200},{"latitude":"13.257859999999999","longitude":"77.55284","responsecode":200},{"latitude":"13.25757","longitude":"77.55290000000001","responsecode":200},{"latitude":"13.256929999999999","longitude":"77.55303","responsecode":200},{"latitude":"13.256129999999999","longitude":"77.55322000000001","responsecode":200},{"latitude":"13.255119999999998","longitude":"77.55345000000001","responsecode":200},{"latitude":"13.254859999999997","longitude":"77.55350000000001","responsecode":200},{"latitude":"13.254099999999998","longitude":"77.55365000000002","responsecode":200},{"latitude":"13.253229999999997","longitude":"77.55377000000001","responsecode":200},{"latitude":"13.252459999999997","longitude":"77.55386000000001","responsecode":200},{"latitude":"13.252099999999997","longitude":"77.55391000000002","responsecode":200},{"latitude":"13.251549999999996","longitude":"77.55394600000001","responsecode":200},{"latitude":"13.25155","longitude":"77.553946","responsecode":200},{"latitude":"13.25149","longitude":"77.55395","responsecode":200},{"latitude":"13.25116","longitude":"77.55392","responsecode":200},{"latitude":"13.250860000000001","longitude":"77.55389000000001","responsecode":200},{"latitude":"13.250430000000001","longitude":"77.55381000000001","responsecode":200},{"latitude":"13.250010000000001","longitude":"77.55371000000001","responsecode":200},{"latitude":"13.249570000000002","longitude":"77.55358000000001","responsecode":200},{"latitude":"13.248500000000002","longitude":"77.55323000000001","responsecode":200},{"latitude":"13.248270000000002","longitude":"77.55318000000001","responsecode":200},{"latitude":"13.248120000000002","longitude":"77.55314000000001","responsecode":200},{"latitude":"13.247840000000002","longitude":"77.55305000000001","responsecode":200},{"latitude":"13.246480000000002","longitude":"77.55266000000002","responsecode":200},{"latitude":"13.246350000000001","longitude":"77.55262000000002","responsecode":200},{"latitude":"13.246250000000002","longitude":"77.55259000000002","responsecode":200},{"latitude":"13.246120000000001","longitude":"77.55256000000003","responsecode":200},{"latitude":"13.24612","longitude":"77.55256","responsecode":200},{"latitude":"13.24612","longitude":"77.55256","responsecode":200},{"latitude":"13.24551","longitude":"77.55247","responsecode":200},{"latitude":"13.245389999999999","longitude":"77.55245","responsecode":200},{"latitude":"13.24532","longitude":"77.55243999999999","responsecode":200},{"latitude":"13.24489","longitude":"77.55236","responsecode":200},{"latitude":"13.24428","longitude":"77.55225999999999","responsecode":200},{"latitude":"13.2434","longitude":"77.55210999999998","responsecode":200},{"latitude":"13.24265","longitude":"77.55199999999998","responsecode":200},{"latitude":"13.24212","longitude":"77.55191999999998","responsecode":200},{"latitude":"13.24182","longitude":"77.55186999999998","responsecode":200},{"latitude":"13.24172","longitude":"77.55185999999998","responsecode":200},{"latitude":"13.240490000000001","longitude":"77.55166999999997","responsecode":200},{"latitude":"13.240420000000002","longitude":"77.55165999999997","responsecode":200},{"latitude":"13.239850000000002","longitude":"77.55156999999997","responsecode":200},{"latitude":"13.238750000000003","longitude":"77.55137999999997","responsecode":200},{"latitude":"13.237880000000002","longitude":"77.55124999999997","responsecode":200},{"latitude":"13.236610000000002","longitude":"77.55106999999997","responsecode":200},{"latitude":"13.236561000000002","longitude":"77.55106299999997","responsecode":200},{"latitude":"13.236561","longitude":"77.551063","responsecode":200},{"latitude":"13.23593","longitude":"77.55096999999999","responsecode":200},{"latitude":"13.23497","longitude":"77.55084","responsecode":200},{"latitude":"13.23438","longitude":"77.55072999999999","responsecode":200},{"latitude":"13.2334","longitude":"77.55059999999999","responsecode":200},{"latitude":"13.23263","longitude":"77.55048999999998","responsecode":200},{"latitude":"13.232470000000001","longitude":"77.55045999999999","responsecode":200},{"latitude":"13.2323","longitude":"77.55043999999998","responsecode":200},{"latitude":"13.232050000000001","longitude":"77.55040999999999","responsecode":200},{"latitude":"13.2316","longitude":"77.55033999999999","responsecode":200},{"latitude":"13.23127","longitude":"77.5503","responsecode":200},{"latitude":"13.231160000000001","longitude":"77.55027999999999","responsecode":200},{"latitude":"13.23116","longitude":"77.55028","responsecode":200},{"latitude":"13.23116","longitude":"77.55028","responsecode":200},{"latitude":"13.23102","longitude":"77.55026","responsecode":200},{"latitude":"13.23087","longitude":"77.55023999999999","responsecode":200},{"latitude":"13.230739999999999","longitude":"77.55021999999998","responsecode":200},{"latitude":"13.22993","longitude":"77.55007999999998","responsecode":200},{"latitude":"13.22963","longitude":"77.55001999999998","responsecode":200},{"latitude":"13.22903","longitude":"77.54991999999997","responsecode":200},{"latitude":"13.22889","longitude":"77.54989999999997","responsecode":200},{"latitude":"13.22847","longitude":"77.54982999999997","responsecode":200},{"latitude":"13.228069999999999","longitude":"77.54972999999997","responsecode":200},{"latitude":"13.22744","longitude":"77.54953999999996","responsecode":200},{"latitude":"13.22733","longitude":"77.54950999999997","responsecode":200},{"latitude":"13.22722","longitude":"77.54947999999997","responsecode":200},{"latitude":"13.22699","longitude":"77.54941999999997","responsecode":200},{"latitude":"13.226650000000001","longitude":"77.54932999999997","responsecode":200},{"latitude":"13.226560000000001","longitude":"77.54930999999996","responsecode":200},{"latitude":"13.22633","longitude":"77.54925999999996","responsecode":200},{"latitude":"13.22607","longitude":"77.54921999999996","responsecode":200},{"latitude":"13.22595","longitude":"77.54919999999996","responsecode":200},{"latitude":"13.225829999999998","longitude":"77.54917999999995","responsecode":200},{"latitude":"13.225739999999998","longitude":"77.54916999999995","responsecode":200},{"latitude":"13.225599999999998","longitude":"77.54916999999995","responsecode":200},{"latitude":"13.225339999999997","longitude":"77.54916999999995","responsecode":200},{"latitude":"13.225119999999997","longitude":"77.54918999999995","responsecode":200},{"latitude":"13.224939999999997","longitude":"77.54920999999996","responsecode":200},{"latitude":"13.224649999999997","longitude":"77.54925999999996","responsecode":200},{"latitude":"13.224539999999998","longitude":"77.54927999999997","responsecode":200},{"latitude":"13.224049999999998","longitude":"77.54935999999996","responsecode":200},{"latitude":"13.223709999999999","longitude":"77.54942999999996","responsecode":200},{"latitude":"13.223559999999999","longitude":"77.54945999999995","responsecode":200},{"latitude":"13.223419999999999","longitude":"77.54949999999995","responsecode":200},{"latitude":"13.223289999999999","longitude":"77.54953999999995","responsecode":200},{"latitude":"13.223159999999998","longitude":"77.54958999999995","responsecode":200},{"latitude":"13.222999999999999","longitude":"77.54965999999995","responsecode":200},{"latitude":"13.222809999999999","longitude":"77.54973999999994","responsecode":200},{"latitude":"13.22281","longitude":"77.54974","responsecode":200},{"latitude":"13.22281","longitude":"77.54974","responsecode":200},{"latitude":"13.222480000000001","longitude":"77.54989","responsecode":200},{"latitude":"13.222370000000002","longitude":"77.54995000000001","responsecode":200},{"latitude":"13.222270000000002","longitude":"77.55000000000001","responsecode":200},{"latitude":"13.222120000000002","longitude":"77.55008000000001","responsecode":200},{"latitude":"13.221980000000002","longitude":"77.55016","responsecode":200},{"latitude":"13.221760000000002","longitude":"77.55029","responsecode":200},{"latitude":"13.221040000000002","longitude":"77.55079","responsecode":200},{"latitude":"13.220820000000002","longitude":"77.55094000000001","responsecode":200},{"latitude":"13.220470000000002","longitude":"77.55119","responsecode":200},{"latitude":"13.220240000000002","longitude":"77.55135","responsecode":200},{"latitude":"13.220130000000003","longitude":"77.55142","responsecode":200},{"latitude":"13.220010000000002","longitude":"77.55148999999999","responsecode":200},{"latitude":"13.219880000000002","longitude":"77.55155999999998","responsecode":200},{"latitude":"13.21976","longitude":"77.55161999999999","responsecode":200},{"latitude":"13.21968","longitude":"77.55165999999998","responsecode":200},{"latitude":"13.21948","longitude":"77.55175999999999","responsecode":200},{"latitude":"13.21934","longitude":"77.55182999999998","responsecode":200},{"latitude":"13.21902","longitude":"77.55196999999998","responsecode":200},{"latitude":"13.218820000000001","longitude":"77.55204999999998","responsecode":200},{"latitude":"13.21873","longitude":"77.55207999999998","responsecode":200},{"latitude":"13.218490000000001","longitude":"77.55214999999997","responsecode":200},{"latitude":"13.218140000000002","longitude":"77.55224999999997","responsecode":200},{"latitude":"13.217330000000002","longitude":"77.55243999999998","responsecode":200},{"latitude":"13.216720000000002","longitude":"77.55259999999997","responsecode":200},{"latitude":"13.216490000000002","longitude":"77.55266999999996","responsecode":200},{"latitude":"13.21649","longitude":"77.55267","responsecode":200},{"latitude":"13.21649","longitude":"77.55267","responsecode":200},{"latitude":"13.21595","longitude":"77.55287000000001","responsecode":200},{"latitude":"13.215539999999999","longitude":"77.55307000000002","responsecode":200},{"latitude":"13.21519","longitude":"77.55323000000001","responsecode":200},{"latitude":"13.21457","longitude":"77.55356000000002","responsecode":200},{"latitude":"13.2142","longitude":"77.55377000000001","responsecode":200},{"latitude":"13.213799999999999","longitude":"77.55401000000002","responsecode":200},{"latitude":"13.21369","longitude":"77.55408000000001","responsecode":200},{"latitude":"13.21332","longitude":"77.55430000000001","responsecode":200},{"latitude":"13.213078999999999","longitude":"77.55443800000002","responsecode":200},{"latitude":"13.213079","longitude":"77.554438","responsecode":200},{"latitude":"13.21297","longitude":"77.5545","responsecode":200},{"latitude":"13.21274","longitude":"77.55461000000001","responsecode":200},{"latitude":"13.2122","longitude":"77.55488000000001","responsecode":200},{"latitude":"13.21178","longitude":"77.55511000000001","responsecode":200},{"latitude":"13.211519999999998","longitude":"77.55525000000002","responsecode":200},{"latitude":"13.210919999999998","longitude":"77.55560000000001","responsecode":200},{"latitude":"13.210379999999997","longitude":"77.55591000000001","responsecode":200},{"latitude":"13.209979999999996","longitude":"77.55616","responsecode":200},{"latitude":"13.208969999999995","longitude":"77.55673","responsecode":200},{"latitude":"13.207379999999995","longitude":"77.55766","responsecode":200},{"latitude":"13.206819999999995","longitude":"77.55799","responsecode":200},{"latitude":"13.206499999999995","longitude":"77.55816","responsecode":200},{"latitude":"13.206019999999995","longitude":"77.55839","responsecode":200},{"latitude":"13.205869999999996","longitude":"77.55847","responsecode":200},{"latitude":"13.205759999999996","longitude":"77.55852","responsecode":200},{"latitude":"13.205499999999995","longitude":"77.55864","responsecode":200},{"latitude":"13.205249999999996","longitude":"77.55875999999999","responsecode":200},{"latitude":"13.204929999999996","longitude":"77.55891","responsecode":200},{"latitude":"13.204739999999996","longitude":"77.55899","responsecode":200},{"latitude":"13.204449999999996","longitude":"77.55913","responsecode":200},{"latitude":"13.20445","longitude":"77.55913","responsecode":200},{"latitude":"13.20445","longitude":"77.55913","responsecode":200},{"latitude":"13.204189999999999","longitude":"77.55924","responsecode":200},{"latitude":"13.203819999999999","longitude":"77.55943","responsecode":200},{"latitude":"13.203409999999998","longitude":"77.55964","responsecode":200},{"latitude":"13.203139999999998","longitude":"77.55976","responsecode":200},{"latitude":"13.202829999999997","longitude":"77.55991999999999","responsecode":200},{"latitude":"13.202539999999997","longitude":"77.56007","responsecode":200},{"latitude":"13.200759999999997","longitude":"77.56101","responsecode":200},{"latitude":"13.199999999999998","longitude":"77.56143","responsecode":200},{"latitude":"13.199889999999998","longitude":"77.56149","responsecode":200},{"latitude":"13.199449999999999","longitude":"77.56172000000001","responsecode":200},{"latitude":"13.19883","longitude":"77.56203000000001","responsecode":200},{"latitude":"13.19862","longitude":"77.56213000000001","responsecode":200},{"latitude":"13.1984","longitude":"77.56223000000001","responsecode":200},{"latitude":"13.198179999999999","longitude":"77.56232000000001","responsecode":200},{"latitude":"13.197989999999999","longitude":"77.56240000000001","responsecode":200},{"latitude":"13.197809999999999","longitude":"77.56246000000002","responsecode":200},{"latitude":"13.197579999999999","longitude":"77.56254000000001","responsecode":200},{"latitude":"13.197409999999998","longitude":"77.56259000000001","responsecode":200},{"latitude":"13.197249999999999","longitude":"77.56263000000001","responsecode":200},{"latitude":"13.19704","longitude":"77.56267000000001","responsecode":200},{"latitude":"13.19672","longitude":"77.56273000000002","responsecode":200},{"latitude":"13.19638","longitude":"77.56279000000002","responsecode":200},{"latitude":"13.19622","longitude":"77.56282000000002","responsecode":200},{"latitude":"13.19596","longitude":"77.56286000000001","responsecode":200},{"latitude":"13.195559999999999","longitude":"77.56292000000002","responsecode":200},{"latitude":"13.195229999999999","longitude":"77.56296000000002","responsecode":200},{"latitude":"13.195170999999998","longitude":"77.56296600000002","responsecode":200},{"latitude":"13.195171","longitude":"77.562966","responsecode":200},{"latitude":"13.19486","longitude":"77.563","responsecode":200},{"latitude":"13.19353","longitude":"77.56315000000001","responsecode":200},{"latitude":"13.193100000000001","longitude":"77.56319","responsecode":200},{"latitude":"13.192580000000001","longitude":"77.56322","responsecode":200},{"latitude":"13.19199","longitude":"77.56324000000001","responsecode":200},{"latitude":"13.19144","longitude":"77.56327","responsecode":200},{"latitude":"13.19077","longitude":"77.56328","responsecode":200},{"latitude":"13.18987","longitude":"77.56333000000001","responsecode":200},{"latitude":"13.189390000000001","longitude":"77.56336","responsecode":200},{"latitude":"13.188910000000002","longitude":"77.5634","responsecode":200},{"latitude":"13.188020000000002","longitude":"77.56349","responsecode":200},{"latitude":"13.187670000000002","longitude":"77.56352","responsecode":200},{"latitude":"13.187520000000003","longitude":"77.56353","responsecode":200},{"latitude":"13.186580000000003","longitude":"77.5636","responsecode":200},{"latitude":"13.185120000000003","longitude":"77.56371","responsecode":200},{"latitude":"13.184860000000002","longitude":"77.56373","responsecode":200},{"latitude":"13.183990000000001","longitude":"77.56382","responsecode":200},{"latitude":"13.18227","longitude":"77.56397000000001","responsecode":200},{"latitude":"13.181590000000002","longitude":"77.56400000000001","responsecode":200},{"latitude":"13.181200000000002","longitude":"77.56403","responsecode":200},{"latitude":"13.179270000000002","longitude":"77.56415","responsecode":200},{"latitude":"13.178310000000003","longitude":"77.56421999999999","responsecode":200},{"latitude":"13.175420000000003","longitude":"77.56436","responsecode":200},{"latitude":"13.175090000000003","longitude":"77.56436","responsecode":200},{"latitude":"13.174950000000003","longitude":"77.56436","responsecode":200},{"latitude":"13.173870000000003","longitude":"77.56438999999999","responsecode":200},{"latitude":"13.173110000000003","longitude":"77.56441","responsecode":200},{"latitude":"13.172970000000003","longitude":"77.56442","responsecode":200},{"latitude":"13.172460000000003","longitude":"77.56446","responsecode":200},{"latitude":"13.171840000000003","longitude":"77.56445","responsecode":200},{"latitude":"13.171670000000002","longitude":"77.56445","responsecode":200},{"latitude":"13.17167","longitude":"77.56445","responsecode":200},{"latitude":"13.17141","longitude":"77.56445","responsecode":200},{"latitude":"13.17105","longitude":"77.56447","responsecode":200},{"latitude":"13.17058","longitude":"77.5645","responsecode":200},{"latitude":"13.17037","longitude":"77.56451","responsecode":200},{"latitude":"13.17017","longitude":"77.56454","responsecode":200},{"latitude":"13.17005","longitude":"77.56456","responsecode":200},{"latitude":"13.16975","longitude":"77.56462","responsecode":200},{"latitude":"13.169260000000001","longitude":"77.56472000000001","responsecode":200},{"latitude":"13.168750000000001","longitude":"77.56482000000001","responsecode":200},{"latitude":"13.16838","longitude":"77.56489","responsecode":200},{"latitude":"13.16778","longitude":"77.56504000000001","responsecode":200},{"latitude":"13.16708","longitude":"77.5652","responsecode":200},{"latitude":"13.16621","longitude":"77.56538","responsecode":200},{"latitude":"13.1654","longitude":"77.56555","responsecode":200},{"latitude":"13.16491","longitude":"77.56565","responsecode":200},{"latitude":"13.16455","longitude":"77.56572","responsecode":200},{"latitude":"13.16416","longitude":"77.5658","responsecode":200},{"latitude":"13.1638","longitude":"77.56587999999999","responsecode":200},{"latitude":"13.16321","longitude":"77.56599999999999","responsecode":200},{"latitude":"13.16297","longitude":"77.56604999999999","responsecode":200},{"latitude":"13.16251","longitude":"77.56613999999999","responsecode":200},{"latitude":"13.16237","longitude":"77.56616999999999","responsecode":200},{"latitude":"13.161999999999999","longitude":"77.56623999999998","responsecode":200},{"latitude":"13.161","longitude":"77.56644999999997","responsecode":200},{"latitude":"13.16077","longitude":"77.56648999999997","responsecode":200},{"latitude":"13.160031","longitude":"77.56665599999997","responsecode":200},{"latitude":"13.160031","longitude":"77.566656","responsecode":200},{"latitude":"13.15975","longitude":"77.56671999999999","responsecode":200},{"latitude":"13.15888","longitude":"77.56692999999999","responsecode":200},{"latitude":"13.15846","longitude":"77.56703999999999","responsecode":200},{"latitude":"13.15803","longitude":"77.56715999999999","responsecode":200},{"latitude":"13.15779","longitude":"77.56722999999998","responsecode":200},{"latitude":"13.15605","longitude":"77.56770999999998","responsecode":200},{"latitude":"13.15488","longitude":"77.56802999999998","responsecode":200},{"latitude":"13.154020000000001","longitude":"77.56826999999998","responsecode":200},{"latitude":"13.153770000000002","longitude":"77.56833999999998","responsecode":200},{"latitude":"13.15337","longitude":"77.56844999999998","responsecode":200},{"latitude":"13.15306","longitude":"77.56852999999998","responsecode":200},{"latitude":"13.15281","longitude":"77.56859999999998","responsecode":200},{"latitude":"13.15257","longitude":"77.56866999999997","responsecode":200},{"latitude":"13.15226","longitude":"77.56875999999997","responsecode":200},{"latitude":"13.15212","longitude":"77.56879999999997","responsecode":200},{"latitude":"13.15166","longitude":"77.56891999999996","responsecode":200},{"latitude":"13.15147","longitude":"77.56896999999996","responsecode":200},{"latitude":"13.15128","longitude":"77.56901999999997","responsecode":200},{"latitude":"13.15113","longitude":"77.56905999999996","responsecode":200},{"latitude":"13.15091","longitude":"77.56910999999997","responsecode":200},{"latitude":"13.15076","longitude":"77.56913999999996","responsecode":200},{"latitude":"13.15063","longitude":"77.56916999999996","responsecode":200},{"latitude":"13.15035","longitude":"77.56923999999995","responsecode":200},{"latitude":"13.15015","longitude":"77.56929999999996","responsecode":200},{"latitude":"13.14976","longitude":"77.56938999999996","responsecode":200},{"latitude":"13.149600000000001","longitude":"77.56942999999995","responsecode":200},{"latitude":"13.149400000000002","longitude":"77.56947999999996","responsecode":200},{"latitude":"13.149170000000002","longitude":"77.56953999999996","responsecode":200},{"latitude":"13.148920000000002","longitude":"77.56958999999996","responsecode":200},{"latitude":"13.148740000000002","longitude":"77.56962999999996","responsecode":200},{"latitude":"13.148560000000002","longitude":"77.56966999999996","responsecode":200},{"latitude":"13.148400000000002","longitude":"77.56969999999995","responsecode":200},{"latitude":"13.148260000000002","longitude":"77.56971999999996","responsecode":200},{"latitude":"13.148050000000003","longitude":"77.56974999999996","responsecode":200},{"latitude":"13.147930000000002","longitude":"77.56976999999996","responsecode":200},{"latitude":"13.147840000000002","longitude":"77.56977999999997","responsecode":200},{"latitude":"13.147690000000003","longitude":"77.56978999999997","responsecode":200},{"latitude":"13.14769","longitude":"77.56979","responsecode":200},{"latitude":"13.14769","longitude":"77.56979","responsecode":200},{"latitude":"13.14746","longitude":"77.5698","responsecode":200},{"latitude":"13.14732","longitude":"77.56981","responsecode":200},{"latitude":"13.147170000000001","longitude":"77.56982","responsecode":200},{"latitude":"13.14634","longitude":"77.56983000000001","responsecode":200},{"latitude":"13.14616","longitude":"77.56983000000001","responsecode":200},{"latitude":"13.14602","longitude":"77.56983000000001","responsecode":200},{"latitude":"13.14588","longitude":"77.56982","responsecode":200},{"latitude":"13.1457","longitude":"77.5698","responsecode":200},{"latitude":"13.14535","longitude":"77.56978","responsecode":200},{"latitude":"13.1448","longitude":"77.56974","responsecode":200},{"latitude":"13.14457","longitude":"77.56972999999999","responsecode":200},{"latitude":"13.14366","longitude":"77.56966","responsecode":200},{"latitude":"13.14342","longitude":"77.56963999999999","responsecode":200},{"latitude":"13.143130000000001","longitude":"77.56961","responsecode":200},{"latitude":"13.142890000000001","longitude":"77.56956","responsecode":200},{"latitude":"13.142420000000001","longitude":"77.56949999999999","responsecode":200},{"latitude":"13.142120000000002","longitude":"77.56947","responsecode":200},{"latitude":"13.142000000000001","longitude":"77.56945999999999","responsecode":200},{"latitude":"13.141760000000001","longitude":"77.56944999999999","responsecode":200},{"latitude":"13.141440000000001","longitude":"77.56942999999998","responsecode":200},{"latitude":"13.141240000000002","longitude":"77.56941999999998","responsecode":200},{"latitude":"13.140950000000002","longitude":"77.56941999999998","responsecode":200},{"latitude":"13.140630000000002","longitude":"77.56942999999998","responsecode":200},{"latitude":"13.140240000000002","longitude":"77.56941999999998","responsecode":200},{"latitude":"13.140120000000001","longitude":"77.56941999999998","responsecode":200},{"latitude":"13.139730000000002","longitude":"77.56938999999998","responsecode":200},{"latitude":"13.139240000000003","longitude":"77.56931999999999","responsecode":200},{"latitude":"13.139110000000002","longitude":"77.56930999999999","responsecode":200},{"latitude":"13.138930000000002","longitude":"77.56927999999999","responsecode":200},{"latitude":"13.138820000000003","longitude":"77.56925999999999","responsecode":200},{"latitude":"13.138610000000003","longitude":"77.56921999999999","responsecode":200},{"latitude":"13.138490000000003","longitude":"77.56919999999998","responsecode":200},{"latitude":"13.138270000000002","longitude":"77.56913999999998","responsecode":200},{"latitude":"13.138050000000002","longitude":"77.56907999999997","responsecode":200},{"latitude":"13.137860000000002","longitude":"77.56902999999997","responsecode":200},{"latitude":"13.137730000000001","longitude":"77.56899999999997","responsecode":200},{"latitude":"13.137540000000001","longitude":"77.56896999999998","responsecode":200},{"latitude":"13.137330000000002","longitude":"77.56894999999997","responsecode":200},{"latitude":"13.137140000000002","longitude":"77.56894999999997","responsecode":200},{"latitude":"13.136960000000002","longitude":"77.56895999999998","responsecode":200},{"latitude":"13.136790000000001","longitude":"77.56897999999998","responsecode":200},{"latitude":"13.136560000000001","longitude":"77.56900999999998","responsecode":200},{"latitude":"13.13639","longitude":"77.56902999999998","responsecode":200},{"latitude":"13.136230000000001","longitude":"77.56904999999999","responsecode":200},{"latitude":"13.135880000000002","longitude":"77.56911","responsecode":200},{"latitude":"13.135510000000002","longitude":"77.56917999999999","responsecode":200},{"latitude":"13.135370000000002","longitude":"77.56920999999998","responsecode":200},{"latitude":"13.13537","longitude":"77.56921","responsecode":200},{"latitude":"13.13537","longitude":"77.56921","responsecode":200},{"latitude":"13.13523","longitude":"77.56925","responsecode":200},{"latitude":"13.13512","longitude":"77.56927999999999","responsecode":200},{"latitude":"13.13503","longitude":"77.5693","responsecode":200},{"latitude":"13.13485","longitude":"77.56935","responsecode":200},{"latitude":"13.13465","longitude":"77.56941","responsecode":200},{"latitude":"13.13448","longitude":"77.56947000000001","responsecode":200},{"latitude":"13.13424","longitude":"77.56957000000001","responsecode":200},{"latitude":"13.13407","longitude":"77.56964","responsecode":200},{"latitude":"13.133709999999999","longitude":"77.5698","responsecode":200},{"latitude":"13.13355","longitude":"77.56987","responsecode":200},{"latitude":"13.13342","longitude":"77.56992","responsecode":200},{"latitude":"13.13115","longitude":"77.57088999999999","responsecode":200},{"latitude":"13.13078","longitude":"77.57106999999999","responsecode":200},{"latitude":"13.13056","longitude":"77.57118","responsecode":200},{"latitude":"13.130189999999999","longitude":"77.57137","responsecode":200},{"latitude":"13.130069999999998","longitude":"77.57143","responsecode":200},{"latitude":"13.13007","longitude":"77.57143","responsecode":200},{"latitude":"13.13007","longitude":"77.57143","responsecode":200},{"latitude":"13.12931","longitude":"77.57186","responsecode":200},{"latitude":"13.12893","longitude":"77.57208","responsecode":200},{"latitude":"13.12834","longitude":"77.57242","responsecode":200},{"latitude":"13.12778","longitude":"77.57275999999999","responsecode":200},{"latitude":"13.12629","longitude":"77.57363999999998","responsecode":200},{"latitude":"13.1253","longitude":"77.57426999999998","responsecode":200},{"latitude":"13.12397","longitude":"77.57500999999998","responsecode":200},{"latitude":"13.1238","longitude":"77.57510999999998","responsecode":200},{"latitude":"13.12361","longitude":"77.57520999999998","responsecode":200},{"latitude":"13.123429999999999","longitude":"77.57530999999999","responsecode":200},{"latitude":"13.123199999999999","longitude":"77.57542999999998","responsecode":200},{"latitude":"13.122979999999998","longitude":"77.57553999999999","responsecode":200},{"latitude":"13.12298","longitude":"77.57554","responsecode":200},{"latitude":"13.12272","longitude":"77.57567","responsecode":200},{"latitude":"13.122589999999999","longitude":"77.57574","responsecode":200},{"latitude":"13.12239","longitude":"77.57583","responsecode":200},{"latitude":"13.1221","longitude":"77.57596","responsecode":200},{"latitude":"13.121789999999999","longitude":"77.57609","responsecode":200},{"latitude":"13.121149999999998","longitude":"77.57636","responsecode":200},{"latitude":"13.120419999999998","longitude":"77.57668","responsecode":200},{"latitude":"13.120019999999997","longitude":"77.57685","responsecode":200},{"latitude":"13.119689999999997","longitude":"77.57699","responsecode":200},{"latitude":"13.119009999999998","longitude":"77.57728","responsecode":200},{"latitude":"13.118269999999997","longitude":"77.57759","responsecode":200},{"latitude":"13.118159999999998","longitude":"77.57764","responsecode":200},{"latitude":"13.117989999999997","longitude":"77.57771","responsecode":200},{"latitude":"13.117739999999998","longitude":"77.57781","responsecode":200},{"latitude":"13.117539999999998","longitude":"77.57789","responsecode":200},{"latitude":"13.117379999999999","longitude":"77.57795999999999","responsecode":200},{"latitude":"13.117289999999999","longitude":"77.57799999999999","responsecode":200},{"latitude":"13.11685","longitude":"77.57818999999999","responsecode":200},{"latitude":"13.11638","longitude":"77.57838","responsecode":200},{"latitude":"13.11628","longitude":"77.57842","responsecode":200},{"latitude":"13.115549999999999","longitude":"77.57873","responsecode":200},{"latitude":"13.115219999999999","longitude":"77.57887","responsecode":200},{"latitude":"13.11506","longitude":"77.57893999999999","responsecode":200},{"latitude":"13.11483","longitude":"77.57903999999999","responsecode":200},{"latitude":"13.11483","longitude":"77.57904","responsecode":200},{"latitude":"13.11483","longitude":"77.57904","responsecode":200},{"latitude":"13.11468","longitude":"77.57910000000001","responsecode":200},{"latitude":"13.11445","longitude":"77.57920000000001","responsecode":200},{"latitude":"13.11431","longitude":"77.57926000000002","responsecode":200},{"latitude":"13.1142","longitude":"77.57931000000002","responsecode":200},{"latitude":"13.11398","longitude":"77.57941000000002","responsecode":200},{"latitude":"13.1139","longitude":"77.57944000000002","responsecode":200},{"latitude":"13.11383","longitude":"77.57946000000003","responsecode":200},{"latitude":"13.113760000000001","longitude":"77.57948000000003","responsecode":200},{"latitude":"13.11367","longitude":"77.57949000000004","responsecode":200},{"latitude":"13.11354","longitude":"77.57950000000004","responsecode":200},{"latitude":"13.113100000000001","longitude":"77.57952000000004","responsecode":200},{"latitude":"13.112630000000001","longitude":"77.57956000000004","responsecode":200},{"latitude":"13.112490000000001","longitude":"77.57958000000005","responsecode":200},{"latitude":"13.11237","longitude":"77.57960000000006","responsecode":200},{"latitude":"13.11219","longitude":"77.57963000000005","responsecode":200},{"latitude":"13.11209","longitude":"77.57965000000006","responsecode":200},{"latitude":"13.11201","longitude":"77.57967000000006","responsecode":200},{"latitude":"13.111699999999999","longitude":"77.57975000000006","responsecode":200},{"latitude":"13.111569999999999","longitude":"77.57979000000006","responsecode":200},{"latitude":"13.11118","longitude":"77.57991000000005","responsecode":200},{"latitude":"13.11079","longitude":"77.58003000000005","responsecode":200},{"latitude":"13.11027","longitude":"77.58019000000004","responsecode":200},{"latitude":"13.110156","longitude":"77.58022800000005","responsecode":200},{"latitude":"13.110156","longitude":"77.580228","responsecode":200},{"latitude":"13.10979","longitude":"77.58035000000001","responsecode":200},{"latitude":"13.10939","longitude":"77.58048000000001","responsecode":200},{"latitude":"13.10892","longitude":"77.58062000000001","responsecode":200},{"latitude":"13.10874","longitude":"77.58068000000002","responsecode":200},{"latitude":"13.10846","longitude":"77.58077000000002","responsecode":200},{"latitude":"13.108149999999998","longitude":"77.58087000000002","responsecode":200},{"latitude":"13.108009999999998","longitude":"77.58092000000002","responsecode":200},{"latitude":"13.107869999999998","longitude":"77.58097000000002","responsecode":200},{"latitude":"13.107699999999998","longitude":"77.58103000000003","responsecode":200},{"latitude":"13.107549999999998","longitude":"77.58110000000002","responsecode":200},{"latitude":"13.107399999999998","longitude":"77.58118000000002","responsecode":200},{"latitude":"13.10724","longitude":"77.58128000000002","responsecode":200},{"latitude":"13.10714","longitude":"77.58136000000002","responsecode":200},{"latitude":"13.10698","longitude":"77.58148000000001","responsecode":200},{"latitude":"13.10669","longitude":"77.58172000000002","responsecode":200},{"latitude":"13.10646","longitude":"77.58190000000002","responsecode":200},{"latitude":"13.10626","longitude":"77.58206000000001","responsecode":200},{"latitude":"13.106026","longitude":"77.582265","responsecode":200},{"latitude":"13.106026","longitude":"77.582265","responsecode":200},{"latitude":"13.10586","longitude":"77.58241000000001","responsecode":200},{"latitude":"13.10572","longitude":"77.58254000000001","responsecode":200},{"latitude":"13.10538","longitude":"77.58284","responsecode":200},{"latitude":"13.105080000000001","longitude":"77.58312000000001","responsecode":200},{"latitude":"13.10477","longitude":"77.58343","responsecode":200},{"latitude":"13.1046","longitude":"77.5836","responsecode":200},{"latitude":"13.10432","longitude":"77.58388000000001","responsecode":200},{"latitude":"13.103869999999999","longitude":"77.58436","responsecode":200},{"latitude":"13.103589999999999","longitude":"77.58467","responsecode":200},{"latitude":"13.103169999999999","longitude":"77.58517","responsecode":200},{"latitude":"13.102839999999999","longitude":"77.58557","responsecode":200},{"latitude":"13.102782999999999","longitude":"77.585643","responsecode":200},{"latitude":"13.102783","longitude":"77.585643","responsecode":200},{"latitude":"13.10246","longitude":"77.58606","responsecode":200},{"latitude":"13.102210000000001","longitude":"77.58641","responsecode":200},{"latitude":"13.102160000000001","longitude":"77.58648","responsecode":200},{"latitude":"13.102050000000002","longitude":"77.58662","responsecode":200},{"latitude":"13.101480000000002","longitude":"77.58734","responsecode":200},{"latitude":"13.101050000000003","longitude":"77.58785999999999","responsecode":200},{"latitude":"13.100700000000003","longitude":"77.58829999999999","responsecode":200},{"latitude":"13.100417000000004","longitude":"77.58864599999998","responsecode":200},{"latitude":"13.100417","longitude":"77.588646","responsecode":200},{"latitude":"13.10039","longitude":"77.58868","responsecode":200},{"latitude":"13.10013","longitude":"77.589","responsecode":200},{"latitude":"13.09888","longitude":"77.59047","responsecode":200},{"latitude":"13.09813","longitude":"77.59132","responsecode":200},{"latitude":"13.09785","longitude":"77.59164","responsecode":200},{"latitude":"13.097831","longitude":"77.591662","responsecode":200},{"latitude":"13.097831","longitude":"77.591662","responsecode":200},{"latitude":"13.09762","longitude":"77.59191","responsecode":200},{"latitude":"13.097299999999999","longitude":"77.59228","responsecode":200},{"latitude":"13.09719","longitude":"77.5924","responsecode":200},{"latitude":"13.096969999999999","longitude":"77.59262","responsecode":200},{"latitude":"13.09672","longitude":"77.59286999999999","responsecode":200},{"latitude":"13.096459999999999","longitude":"77.59316","responsecode":200},{"latitude":"13.095799999999999","longitude":"77.59380999999999","responsecode":200},{"latitude":"13.09565","longitude":"77.59393999999999","responsecode":200},{"latitude":"13.095479999999998","longitude":"77.59409","responsecode":200},{"latitude":"13.095419999999999","longitude":"77.59415999999999","responsecode":200},{"latitude":"13.095389999999998","longitude":"77.59419999999999","responsecode":200},{"latitude":"13.095369999999999","longitude":"77.59422999999998","responsecode":200},{"latitude":"13.09535","longitude":"77.59428999999999","responsecode":200},{"latitude":"13.09535","longitude":"77.59435999999998","responsecode":200},{"latitude":"13.09536","longitude":"77.59440999999998","responsecode":200},{"latitude":"13.095229999999999","longitude":"77.59440999999998","responsecode":200},{"latitude":"13.094999999999999","longitude":"77.59441999999999","responsecode":200},{"latitude":"13.094899999999999","longitude":"77.59441999999999","responsecode":200},{"latitude":"13.09479","longitude":"77.59440999999998","responsecode":200},{"latitude":"13.09479","longitude":"77.59441","responsecode":200},{"latitude":"13.09479","longitude":"77.59441","responsecode":200},{"latitude":"13.09466","longitude":"77.59438999999999","responsecode":200},{"latitude":"13.09459","longitude":"77.59437999999999","responsecode":200},{"latitude":"13.09451","longitude":"77.59436999999998","responsecode":200},{"latitude":"13.0944","longitude":"77.59435999999998","responsecode":200},{"latitude":"13.094190000000001","longitude":"77.59433999999997","responsecode":200},{"latitude":"13.09401","longitude":"77.59432999999997","responsecode":200},{"latitude":"13.093670000000001","longitude":"77.59430999999996","responsecode":200},{"latitude":"13.093480000000001","longitude":"77.59429999999996","responsecode":200},{"latitude":"13.092950000000002","longitude":"77.59425999999996","responsecode":200},{"latitude":"13.092490000000002","longitude":"77.59422999999997","responsecode":200},{"latitude":"13.09237","longitude":"77.59421999999996","responsecode":200},{"latitude":"13.09225","longitude":"77.59420999999996","responsecode":200},{"latitude":"13.09206","longitude":"77.59418999999995","responsecode":200},{"latitude":"13.09186","longitude":"77.59417999999995","responsecode":200},{"latitude":"13.091380000000001","longitude":"77.59415999999995","responsecode":200},{"latitude":"13.090720000000001","longitude":"77.59411999999995","responsecode":200},{"latitude":"13.090570000000001","longitude":"77.59410999999994","responsecode":200},{"latitude":"13.09021","longitude":"77.59408999999994","responsecode":200},{"latitude":"13.08995","longitude":"77.59407999999993","responsecode":200},{"latitude":"13.08962","longitude":"77.59406999999993","responsecode":200},{"latitude":"13.0891","longitude":"77.59403999999994","responsecode":200},{"latitude":"13.08879","longitude":"77.59400999999994","responsecode":200},{"latitude":"13.088669999999999","longitude":"77.59399999999994","responsecode":200},{"latitude":"13.088379999999999","longitude":"77.59397999999993","responsecode":200},{"latitude":"13.087639999999999","longitude":"77.59391999999993","responsecode":200},{"latitude":"13.086879999999999","longitude":"77.59385999999992","responsecode":200},{"latitude":"13.08686","longitude":"77.59385799999993","responsecode":200},{"latitude":"13.08686","longitude":"77.593858","responsecode":200},{"latitude":"13.08657","longitude":"77.59383","responsecode":200},{"latitude":"13.08629","longitude":"77.5938","responsecode":200},{"latitude":"13.08543","longitude":"77.59369","responsecode":200},{"latitude":"13.08524","longitude":"77.59366999999999","responsecode":200},{"latitude":"13.08492","longitude":"77.59364999999998","responsecode":200},{"latitude":"13.0847","longitude":"77.59363999999998","responsecode":200},{"latitude":"13.08454","longitude":"77.59362999999998","responsecode":200},{"latitude":"13.084380000000001","longitude":"77.59361999999997","responsecode":200},{"latitude":"13.084230000000002","longitude":"77.59359999999997","responsecode":200},{"latitude":"13.084090000000002","longitude":"77.59357999999996","responsecode":200},{"latitude":"13.083930000000002","longitude":"77.59354999999996","responsecode":200},{"latitude":"13.083810000000001","longitude":"77.59351999999997","responsecode":200},{"latitude":"13.083660000000002","longitude":"77.59346999999997","responsecode":200},{"latitude":"13.083370000000002","longitude":"77.59336999999996","responsecode":200},{"latitude":"13.083000000000002","longitude":"77.59324999999997","responsecode":200},{"latitude":"13.082790000000003","longitude":"77.59318999999996","responsecode":200},{"latitude":"13.082560000000003","longitude":"77.59311999999997","responsecode":200},{"latitude":"13.082460000000003","longitude":"77.59308999999998","responsecode":200},{"latitude":"13.082360000000003","longitude":"77.59306999999997","responsecode":200},{"latitude":"13.082280000000003","longitude":"77.59305999999997","responsecode":200},{"latitude":"13.082190000000002","longitude":"77.59306999999997","responsecode":200},{"latitude":"13.082130000000003","longitude":"77.59307999999997","responsecode":200},{"latitude":"13.082040000000003","longitude":"77.59309999999998","responsecode":200},{"latitude":"13.081940000000003","longitude":"77.59324999999998","responsecode":200},{"latitude":"13.081880000000004","longitude":"77.59333999999998","responsecode":200},{"latitude":"13.081830000000004","longitude":"77.59341999999998","responsecode":200},{"latitude":"13.081710000000003","longitude":"77.59339999999997","responsecode":200},{"latitude":"13.081540000000002","longitude":"77.59337999999997","responsecode":200},{"latitude":"13.081390000000003","longitude":"77.59336999999996","responsecode":200},{"latitude":"13.080600000000002","longitude":"77.59333999999997","responsecode":200},{"latitude":"13.077011000000002","longitude":"77.59299799999997","responsecode":200},{"latitude":"13.077011","longitude":"77.592998","responsecode":200},{"latitude":"13.07693","longitude":"77.59299","responsecode":200},{"latitude":"13.076540000000001","longitude":"77.59295","responsecode":200},{"latitude":"13.07595","longitude":"77.5929","responsecode":200},{"latitude":"13.075660000000001","longitude":"77.59286","responsecode":200},{"latitude":"13.07543","longitude":"77.59284","responsecode":200},{"latitude":"13.075220000000002","longitude":"77.59284","responsecode":200},{"latitude":"13.074460000000002","longitude":"77.59281999999999","responsecode":200},{"latitude":"13.073750000000002","longitude":"77.59284999999998","responsecode":200},{"latitude":"13.073590000000003","longitude":"77.59285999999999","responsecode":200},{"latitude":"13.073470000000002","longitude":"77.59286999999999","responsecode":200},{"latitude":"13.073200000000002","longitude":"77.59289","responsecode":200},{"latitude":"13.072760000000002","longitude":"77.59292599999999","responsecode":200},{"latitude":"13.07276","longitude":"77.592926","responsecode":200},{"latitude":"13.072230000000001","longitude":"77.59297000000001","responsecode":200},{"latitude":"13.071880000000002","longitude":"77.593","responsecode":200},{"latitude":"13.071630000000003","longitude":"77.59301","responsecode":200},{"latitude":"13.069220000000003","longitude":"77.59318","responsecode":200},{"latitude":"13.068670000000003","longitude":"77.59322","responsecode":200},{"latitude":"13.068440000000002","longitude":"77.59322","responsecode":200},{"latitude":"13.068200000000003","longitude":"77.59324000000001","responsecode":200},{"latitude":"13.068030000000002","longitude":"77.59325000000001","responsecode":200},{"latitude":"13.067780000000003","longitude":"77.59328000000001","responsecode":200},{"latitude":"13.067540000000003","longitude":"77.59331","responsecode":200},{"latitude":"13.067200000000003","longitude":"77.59335","responsecode":200},{"latitude":"13.066906000000003","longitude":"77.593373","responsecode":200},{"latitude":"13.066906","longitude":"77.593373","responsecode":200},{"latitude":"13.06682","longitude":"77.59338","responsecode":200},{"latitude":"13.06601","longitude":"77.59342","responsecode":200},{"latitude":"13.06537","longitude":"77.59346","responsecode":200},{"latitude":"13.06455","longitude":"77.59348999999999","responsecode":200},{"latitude":"13.06428","longitude":"77.59349999999999","responsecode":200},{"latitude":"13.06382","longitude":"77.59352","responsecode":200},{"latitude":"13.063279999999999","longitude":"77.59354","responsecode":200},{"latitude":"13.063109999999998","longitude":"77.59355000000001","responsecode":200},{"latitude":"13.062519999999997","longitude":"77.59357000000001","responsecode":200},{"latitude":"13.062409999999998","longitude":"77.59358000000002","responsecode":200},{"latitude":"13.062269999999998","longitude":"77.59359000000002","responsecode":200},{"latitude":"13.060889999999999","longitude":"77.59366000000001","responsecode":200},{"latitude":"13.060629999999998","longitude":"77.59367000000002","responsecode":200},{"latitude":"13.060369999999997","longitude":"77.59368000000002","responsecode":200},{"latitude":"13.059969999999996","longitude":"77.59368000000002","responsecode":200},{"latitude":"13.059619999999997","longitude":"77.59368000000002","responsecode":200},{"latitude":"13.059349999999997","longitude":"77.59368000000002","responsecode":200},{"latitude":"13.058939999999996","longitude":"77.59366000000001","responsecode":200},{"latitude":"13.058429999999996","longitude":"77.59366000000001","responsecode":200},{"latitude":"13.058319999999997","longitude":"77.59366000000001","responsecode":200},{"latitude":"13.058089999999996","longitude":"77.59365000000001","responsecode":200},{"latitude":"13.057669999999996","longitude":"77.59364000000001","responsecode":200},{"latitude":"13.057559999999997","longitude":"77.59364000000001","responsecode":200},{"latitude":"13.057329999999997","longitude":"77.59364000000001","responsecode":200},{"latitude":"13.05733","longitude":"77.59364","responsecode":200},{"latitude":"13.05733","longitude":"77.59364","responsecode":200},{"latitude":"13.05719","longitude":"77.59365","responsecode":200},{"latitude":"13.05706","longitude":"77.59364","responsecode":200},{"latitude":"13.05693","longitude":"77.59362999999999","responsecode":200},{"latitude":"13.056669999999999","longitude":"77.59360999999998","responsecode":200},{"latitude":"13.056489999999998","longitude":"77.59359999999998","responsecode":200},{"latitude":"13.056289999999999","longitude":"77.59359999999998","responsecode":200},{"latitude":"13.055839999999998","longitude":"77.59361999999999","responsecode":200},{"latitude":"13.054729999999998","longitude":"77.59368999999998","responsecode":200},{"latitude":"13.054539999999998","longitude":"77.59370999999999","responsecode":200},{"latitude":"13.053269999999998","longitude":"77.59379999999999","responsecode":200},{"latitude":"13.053089999999997","longitude":"77.59379999999999","responsecode":200},{"latitude":"13.052949999999997","longitude":"77.59378999999998","responsecode":200},{"latitude":"13.052779999999997","longitude":"77.59377999999998","responsecode":200},{"latitude":"13.052589999999997","longitude":"77.59374999999999","responsecode":200},{"latitude":"13.052439999999997","longitude":"77.59372999999998","responsecode":200},{"latitude":"13.051799999999997","longitude":"77.59358999999998","responsecode":200},{"latitude":"13.051499999999997","longitude":"77.59351999999998","responsecode":200},{"latitude":"13.051069999999998","longitude":"77.59340999999998","responsecode":200},{"latitude":"13.050659999999997","longitude":"77.59331999999998","responsecode":200},{"latitude":"13.050489999999996","longitude":"77.59328999999998","responsecode":200},{"latitude":"13.050559999999995","longitude":"77.59304999999998","responsecode":200},{"latitude":"13.050329999999995","longitude":"77.59298999999997","responsecode":200},{"latitude":"13.050199999999995","longitude":"77.59295999999998","responsecode":200},{"latitude":"13.0502","longitude":"77.59296","responsecode":200},{"latitude":"13.0502","longitude":"77.59296","responsecode":200},{"latitude":"13.05009","longitude":"77.59293000000001","responsecode":200},{"latitude":"13.04987","longitude":"77.59287","responsecode":200},{"latitude":"13.04968","longitude":"77.59282","responsecode":200},{"latitude":"13.04944","longitude":"77.59276","responsecode":200},{"latitude":"13.049100000000001","longitude":"77.59264999999999","responsecode":200},{"latitude":"13.04898","longitude":"77.59261","responsecode":200},{"latitude":"13.04888","longitude":"77.59257","responsecode":200},{"latitude":"13.04879","longitude":"77.59253","responsecode":200},{"latitude":"13.04867","longitude":"77.59248","responsecode":200},{"latitude":"13.04854","longitude":"77.59241999999999","responsecode":200},{"latitude":"13.04844","longitude":"77.59236999999999","responsecode":200},{"latitude":"13.048319999999999","longitude":"77.59230999999998","responsecode":200},{"latitude":"13.048059999999998","longitude":"77.59217999999998","responsecode":200},{"latitude":"13.047839999999997","longitude":"77.59206999999998","responsecode":200},{"latitude":"13.047399999999998","longitude":"77.59185999999998","responsecode":200},{"latitude":"13.047079999999998","longitude":"77.59169999999999","responsecode":200},{"latitude":"13.046859999999997","longitude":"77.59158999999998","responsecode":200},{"latitude":"13.046719999999997","longitude":"77.59152999999998","responsecode":200},{"latitude":"13.046379999999997","longitude":"77.59141999999997","responsecode":200},{"latitude":"13.046219999999998","longitude":"77.59137999999997","responsecode":200},{"latitude":"13.046149999999999","longitude":"77.59135999999997","responsecode":200},{"latitude":"13.0461","longitude":"77.59134999999996","responsecode":200},{"latitude":"13.045979999999998","longitude":"77.59132999999996","responsecode":200},{"latitude":"13.045759999999998","longitude":"77.59129999999996","responsecode":200},{"latitude":"13.045469999999998","longitude":"77.59126999999997","responsecode":200},{"latitude":"13.045349999999997","longitude":"77.59124999999996","responsecode":200},{"latitude":"13.044929999999997","longitude":"77.59116999999996","responsecode":200},{"latitude":"13.044759999999997","longitude":"77.59113999999997","responsecode":200},{"latitude":"13.044599999999997","longitude":"77.59109999999997","responsecode":200},{"latitude":"13.044459999999997","longitude":"77.59105999999997","responsecode":200},{"latitude":"13.044199999999996","longitude":"77.59097999999997","responsecode":200},{"latitude":"13.044059999999996","longitude":"77.59092999999997","responsecode":200},{"latitude":"13.043749999999996","longitude":"77.59079999999997","responsecode":200},{"latitude":"13.043659999999996","longitude":"77.59075999999997","responsecode":200},{"latitude":"13.043349999999995","longitude":"77.59060999999997","responsecode":200},{"latitude":"13.043129999999994","longitude":"77.59051999999997","responsecode":200},{"latitude":"13.042969999999995","longitude":"77.59044999999998","responsecode":200},{"latitude":"13.042699999999995","longitude":"77.59033999999997","responsecode":200},{"latitude":"13.042589999999995","longitude":"77.59029999999997","responsecode":200},{"latitude":"13.042509999999995","longitude":"77.59026999999998","responsecode":200},{"latitude":"13.042409999999995","longitude":"77.59023999999998","responsecode":200},{"latitude":"13.041819999999994","longitude":"77.59003999999997","responsecode":200},{"latitude":"13.041609999999995","longitude":"77.58997999999997","responsecode":200},{"latitude":"13.041389999999994","longitude":"77.58994999999997","responsecode":200},{"latitude":"13.041189999999995","longitude":"77.58990999999997","responsecode":200},{"latitude":"13.040569999999995","longitude":"77.58975999999997","responsecode":200},{"latitude":"13.040309999999995","longitude":"77.58969999999997","responsecode":200},{"latitude":"13.040089999999994","longitude":"77.58964999999996","responsecode":200},{"latitude":"13.039819999999994","longitude":"77.58959999999996","responsecode":200},{"latitude":"13.039539999999993","longitude":"77.58955999999996","responsecode":200},{"latitude":"13.039269999999993","longitude":"77.58951999999996","responsecode":200},{"latitude":"13.039170999999993","longitude":"77.58950399999996","responsecode":200},{"latitude":"13.039171","longitude":"77.589504","responsecode":200},{"latitude":"13.03908","longitude":"77.58949000000001","responsecode":200},{"latitude":"13.03872","longitude":"77.58944000000001","responsecode":200},{"latitude":"13.03854","longitude":"77.58942","responsecode":200},{"latitude":"13.03824","longitude":"77.58939000000001","responsecode":200},{"latitude":"13.03809","longitude":"77.58938","responsecode":200},{"latitude":"13.03768","longitude":"77.58935000000001","responsecode":200},{"latitude":"13.03733","longitude":"77.58933","responsecode":200},{"latitude":"13.03686","longitude":"77.58933","responsecode":200},{"latitude":"13.036650000000002","longitude":"77.58932","responsecode":200},{"latitude":"13.036430000000001","longitude":"77.5893","responsecode":200},{"latitude":"13.0363","longitude":"77.58927999999999","responsecode":200},{"latitude":"13.03618","longitude":"77.58924999999999","responsecode":200},{"latitude":"13.03603","longitude":"77.58919999999999","responsecode":200},{"latitude":"13.03591","longitude":"77.58914999999999","responsecode":200},{"latitude":"13.035711","longitude":"77.58906199999998","responsecode":200},{"latitude":"13.035711","longitude":"77.589062","responsecode":200},{"latitude":"13.035229999999999","longitude":"77.58885","responsecode":200},{"latitude":"13.03502","longitude":"77.58876","responsecode":200},{"latitude":"13.03478","longitude":"77.58865999999999","responsecode":200},{"latitude":"13.03465","longitude":"77.58860999999999","responsecode":200},{"latitude":"13.034529999999998","longitude":"77.58856999999999","responsecode":200},{"latitude":"13.034399999999998","longitude":"77.58852999999999","responsecode":200},{"latitude":"13.034199999999998","longitude":"77.58847999999999","responsecode":200},{"latitude":"13.034109999999998","longitude":"77.58845999999998","responsecode":200},{"latitude":"13.033969999999998","longitude":"77.58842999999999","responsecode":200},{"latitude":"13.033689999999998","longitude":"77.58837999999999","responsecode":200},{"latitude":"13.033669999999999","longitude":"77.58847999999999","responsecode":200},{"latitude":"13.033529999999999","longitude":"77.58845999999998","responsecode":200},{"latitude":"13.033409999999998","longitude":"77.58842999999999","responsecode":200},{"latitude":"13.033269999999998","longitude":"77.58838999999999","responsecode":200},{"latitude":"13.033179999999998","longitude":"77.58836","responsecode":200},{"latitude":"13.033069999999999","longitude":"77.58832","responsecode":200},{"latitude":"13.032829999999999","longitude":"77.58823","responsecode":200},{"latitude":"13.032659999999998","longitude":"77.58816","responsecode":200},{"latitude":"13.032379999999998","longitude":"77.58804","responsecode":200},{"latitude":"13.032329999999998","longitude":"77.58801000000001","responsecode":200},{"latitude":"13.031829999999998","longitude":"77.58774000000001","responsecode":200},{"latitude":"13.031669999999998","longitude":"77.58766000000001","responsecode":200},{"latitude":"13.031469999999999","longitude":"77.58756000000001","responsecode":200},{"latitude":"13.03131","longitude":"77.58748000000001","responsecode":200},{"latitude":"13.03112","longitude":"77.58740000000002","responsecode":200},{"latitude":"13.030859999999999","longitude":"77.58729000000001","responsecode":200},{"latitude":"13.030171","longitude":"77.58699200000001","responsecode":200},{"latitude":"13.030171","longitude":"77.586992","responsecode":200},{"latitude":"13.029539999999999","longitude":"77.58672","responsecode":200},{"latitude":"13.029359999999999","longitude":"77.58665","responsecode":200},{"latitude":"13.02916","longitude":"77.58657000000001","responsecode":200},{"latitude":"13.028849999999998","longitude":"77.58644000000001","responsecode":200},{"latitude":"13.028679999999998","longitude":"77.58636000000001","responsecode":200},{"latitude":"13.028599999999997","longitude":"77.58632000000001","responsecode":200},{"latitude":"13.028479999999997","longitude":"77.58627000000001","responsecode":200},{"latitude":"13.028349999999996","longitude":"77.58622000000001","responsecode":200},{"latitude":"13.028209999999996","longitude":"77.58617000000001","responsecode":200},{"latitude":"13.028079999999996","longitude":"77.58613000000001","responsecode":200},{"latitude":"13.027899999999995","longitude":"77.58608000000001","responsecode":200},{"latitude":"13.027629999999995","longitude":"77.58599000000001","responsecode":200},{"latitude":"13.027369999999994","longitude":"77.58591000000001","responsecode":200},{"latitude":"13.027139999999994","longitude":"77.58584000000002","responsecode":200},{"latitude":"13.026969999999993","longitude":"77.58579000000002","responsecode":200},{"latitude":"13.026539999999994","longitude":"77.58568000000001","responsecode":200},{"latitude":"13.026522999999994","longitude":"77.58567500000001","responsecode":200},{"latitude":"13.026523","longitude":"77.585675","responsecode":200},{"latitude":"13.02601","longitude":"77.58551999999999","responsecode":200},{"latitude":"13.025459999999999","longitude":"77.58536","responsecode":200},{"latitude":"13.02549","longitude":"77.58528","responsecode":200},{"latitude":"13.025319999999999","longitude":"77.58524","responsecode":200},{"latitude":"13.02512","longitude":"77.58518","responsecode":200},{"latitude":"13.023779999999999","longitude":"77.58483","responsecode":200},{"latitude":"13.023549999999998","longitude":"77.58478","responsecode":200},{"latitude":"13.023079999999998","longitude":"77.58466999999999","responsecode":200},{"latitude":"13.02292","longitude":"77.58464","responsecode":200},{"latitude":"13.02281","longitude":"77.58461999999999","responsecode":200},{"latitude":"13.022639999999999","longitude":"77.58458999999999","responsecode":200},{"latitude":"13.022229999999999","longitude":"77.58451","responsecode":200},{"latitude":"13.022049999999998","longitude":"77.58447","responsecode":200},{"latitude":"13.021599999999998","longitude":"77.58436999999999","responsecode":200},{"latitude":"13.021339999999997","longitude":"77.58429","responsecode":200},{"latitude":"13.020969999999997","longitude":"77.58417999999999","responsecode":200},{"latitude":"13.020779999999997","longitude":"77.58411999999998","responsecode":200},{"latitude":"13.020539999999997","longitude":"77.58406999999998","responsecode":200},{"latitude":"13.020329999999998","longitude":"77.58403999999999","responsecode":200},{"latitude":"13.020119999999999","longitude":"77.58400999999999","responsecode":200},{"latitude":"13.019989999999998","longitude":"77.58398999999999","responsecode":200},{"latitude":"13.019789999999999","longitude":"77.58397999999998","responsecode":200},{"latitude":"13.01958","longitude":"77.58396999999998","responsecode":200},{"latitude":"13.01948","longitude":"77.58396999999998","responsecode":200},{"latitude":"13.01932","longitude":"77.58396999999998","responsecode":200},{"latitude":"13.01922","longitude":"77.58396999999998","responsecode":200},{"latitude":"13.017560000000001","longitude":"77.58399899999998","responsecode":200},{"latitude":"13.01756","longitude":"77.583999","responsecode":200},{"latitude":"13.01751","longitude":"77.584","responsecode":200},{"latitude":"13.01724","longitude":"77.58401","responsecode":200},{"latitude":"13.016689999999999","longitude":"77.58403000000001","responsecode":200},{"latitude":"13.01649","longitude":"77.58404000000002","responsecode":200},{"latitude":"13.015559999999999","longitude":"77.58404000000002","responsecode":200},{"latitude":"13.01479","longitude":"77.58404000000002","responsecode":200},{"latitude":"13.01459","longitude":"77.58404000000002","responsecode":200},{"latitude":"13.01448","longitude":"77.58404000000002","responsecode":200},{"latitude":"13.014240000000001","longitude":"77.58404000000002","responsecode":200},{"latitude":"13.01101","longitude":"77.58398000000001","responsecode":200},{"latitude":"13.01082","longitude":"77.58397000000001","responsecode":200},{"latitude":"13.010660000000001","longitude":"77.58397000000001","responsecode":200},{"latitude":"13.010610000000002","longitude":"77.58397000000001","responsecode":200},{"latitude":"13.01061","longitude":"77.58397","responsecode":200},{"latitude":"13.010489999999999","longitude":"77.58397","responsecode":200},{"latitude":"13.010159999999999","longitude":"77.58395999999999","responsecode":200},{"latitude":"13.009989999999998","longitude":"77.58395999999999","responsecode":200},{"latitude":"13.009819999999998","longitude":"77.58395999999999","responsecode":200},{"latitude":"13.009559999999997","longitude":"77.58397","responsecode":200},{"latitude":"13.009049999999997","longitude":"77.58397","responsecode":200},{"latitude":"13.007889999999996","longitude":"77.58402","responsecode":200},{"latitude":"13.006759999999996","longitude":"77.58408999999999","responsecode":200},{"latitude":"13.006619999999996","longitude":"77.58409999999999","responsecode":200},{"latitude":"13.006139999999997","longitude":"77.58412","responsecode":200},{"latitude":"13.005899999999997","longitude":"77.58413","responsecode":200},{"latitude":"13.005839999999997","longitude":"77.58413","responsecode":200},{"latitude":"13.005689999999998","longitude":"77.58414","responsecode":200},{"latitude":"13.004949999999997","longitude":"77.58418","responsecode":200},{"latitude":"13.004609999999998","longitude":"77.58419","responsecode":200},{"latitude":"13.004189999999998","longitude":"77.58420000000001","responsecode":200},{"latitude":"13.003699999999998","longitude":"77.58420000000001","responsecode":200},{"latitude":"13.003519999999998","longitude":"77.58420000000001","responsecode":200},{"latitude":"13.003199999999998","longitude":"77.58419","responsecode":200},{"latitude":"13.002849999999999","longitude":"77.58419","responsecode":200},{"latitude":"13.002769999999998","longitude":"77.58419","responsecode":200},{"latitude":"13.002699999999999","longitude":"77.58419","responsecode":200},{"latitude":"13.00254","longitude":"77.58418","responsecode":200},{"latitude":"13.00187","longitude":"77.58417","responsecode":200},{"latitude":"13.00104","longitude":"77.58418","responsecode":200},{"latitude":"13.00057","longitude":"77.58421","responsecode":200},{"latitude":"13.000089","longitude":"77.584238","responsecode":200},{"latitude":"13.000089","longitude":"77.584238","responsecode":200},{"latitude":"12.99972","longitude":"77.58426","responsecode":200},{"latitude":"12.99936","longitude":"77.58428","responsecode":200},{"latitude":"12.99898","longitude":"77.58429000000001","responsecode":200},{"latitude":"12.99873","longitude":"77.58431000000002","responsecode":200},{"latitude":"12.99847","longitude":"77.58434000000001","responsecode":200},{"latitude":"12.998209999999998","longitude":"77.58438000000001","responsecode":200},{"latitude":"12.997889999999998","longitude":"77.58443000000001","responsecode":200},{"latitude":"12.997809999999998","longitude":"77.58444000000001","responsecode":200},{"latitude":"12.997709999999998","longitude":"77.58445000000002","responsecode":200},{"latitude":"12.997629999999997","longitude":"77.58447000000002","responsecode":200},{"latitude":"12.997129999999997","longitude":"77.58455000000002","responsecode":200},{"latitude":"12.996939999999997","longitude":"77.58459000000002","responsecode":200},{"latitude":"12.996629999999996","longitude":"77.58470000000003","responsecode":200},{"latitude":"12.996309999999996","longitude":"77.58478000000002","responsecode":200},{"latitude":"12.996039999999995","longitude":"77.58484000000003","responsecode":200},{"latitude":"12.995929999999996","longitude":"77.58487000000002","responsecode":200},{"latitude":"12.995739999999996","longitude":"77.58492000000003","responsecode":200},{"latitude":"12.995519999999996","longitude":"77.58497000000003","responsecode":200},{"latitude":"12.995369999999996","longitude":"77.58500000000002","responsecode":200},{"latitude":"12.995129999999996","longitude":"77.58505000000002","responsecode":200},{"latitude":"12.994869999999995","longitude":"77.58510000000003","responsecode":200},{"latitude":"12.994539999999995","longitude":"77.58515000000003","responsecode":200},{"latitude":"12.994229999999995","longitude":"77.58518000000002","responsecode":200},{"latitude":"12.993939999999995","longitude":"77.58519000000003","responsecode":200},{"latitude":"12.993779999999996","longitude":"77.58520000000003","responsecode":200},{"latitude":"12.993749999999995","longitude":"77.58522000000004","responsecode":200},{"latitude":"12.993709999999995","longitude":"77.58524000000004","responsecode":200},{"latitude":"12.993659999999995","longitude":"77.58525000000004","responsecode":200},{"latitude":"12.993589999999996","longitude":"77.58526000000005","responsecode":200},{"latitude":"12.993519999999997","longitude":"77.58527000000005","responsecode":200},{"latitude":"12.993449999999998","longitude":"77.58527000000005","responsecode":200},{"latitude":"12.993389999999998","longitude":"77.58527000000005","responsecode":200},{"latitude":"12.993339999999998","longitude":"77.58526000000005","responsecode":200},{"latitude":"12.993309999999997","longitude":"77.58525000000004","responsecode":200},{"latitude":"12.993279999999997","longitude":"77.58522000000005","responsecode":200},{"latitude":"12.993259999999998","longitude":"77.58518000000005","responsecode":200},{"latitude":"12.993259999999998","longitude":"77.58513000000005","responsecode":200},{"latitude":"12.993279999999997","longitude":"77.58508000000005","responsecode":200},{"latitude":"12.993319999999997","longitude":"77.58504000000005","responsecode":200},{"latitude":"12.993389999999996","longitude":"77.58501000000005","responsecode":200},{"latitude":"12.993469999999997","longitude":"77.58499000000005","responsecode":200},{"latitude":"12.993529999999996","longitude":"77.58499000000005","responsecode":200},{"latitude":"12.993569999999997","longitude":"77.58493000000004","responsecode":200},{"latitude":"12.993589999999996","longitude":"77.58488000000004","responsecode":200},{"latitude":"12.993609999999995","longitude":"77.58482000000004","responsecode":200},{"latitude":"12.993629999999994","longitude":"77.58475000000004","responsecode":200},{"latitude":"12.993639999999994","longitude":"77.58469000000004","responsecode":200},{"latitude":"12.993629999999994","longitude":"77.58460000000004","responsecode":200},{"latitude":"12.993599999999994","longitude":"77.58451000000004","responsecode":200},{"latitude":"12.993559999999993","longitude":"77.58444000000004","responsecode":200},{"latitude":"12.993509999999993","longitude":"77.58437000000005","responsecode":200},{"latitude":"12.993379999999993","longitude":"77.58422000000004","responsecode":200},{"latitude":"12.993349999999992","longitude":"77.58417000000004","responsecode":200},{"latitude":"12.993289999999993","longitude":"77.58407000000004","responsecode":200},{"latitude":"12.993119999999992","longitude":"77.58392000000003","responsecode":200},{"latitude":"12.992969999999993","longitude":"77.58380000000004","responsecode":200},{"latitude":"12.992759999999993","longitude":"77.58366000000004","responsecode":200},{"latitude":"12.992529999999993","longitude":"77.58350000000004","responsecode":200},{"latitude":"12.992209999999993","longitude":"77.58326000000004","responsecode":200},{"latitude":"12.992099999999994","longitude":"77.58318000000004","responsecode":200},{"latitude":"12.991159999999994","longitude":"77.58250000000004","responsecode":200},{"latitude":"12.991069999999993","longitude":"77.58244000000003","responsecode":200},{"latitude":"12.990779999999994","longitude":"77.58226000000003","responsecode":200},{"latitude":"12.990139999999993","longitude":"77.58191000000004","responsecode":200},{"latitude":"12.989519999999994","longitude":"77.58158000000003","responsecode":200},{"latitude":"12.988929999999993","longitude":"77.58126000000003","responsecode":200},{"latitude":"12.988789999999993","longitude":"77.58117000000003","responsecode":200},{"latitude":"12.988509999999993","longitude":"77.58099000000003","responsecode":200},{"latitude":"12.988209999999993","longitude":"77.58079000000002","responsecode":200},{"latitude":"12.987989999999993","longitude":"77.58065000000002","responsecode":200},{"latitude":"12.987799999999993","longitude":"77.58053000000002","responsecode":200},{"latitude":"12.987459999999993","longitude":"77.58031000000003","responsecode":200},{"latitude":"12.987359999999994","longitude":"77.58025000000002","responsecode":200},{"latitude":"12.987249999999994","longitude":"77.58020000000002","responsecode":200},{"latitude":"12.987159999999994","longitude":"77.58017000000002","responsecode":200},{"latitude":"12.987049999999995","longitude":"77.58013000000003","responsecode":200},{"latitude":"12.986989999999995","longitude":"77.58010000000003","responsecode":200},{"latitude":"12.986904999999995","longitude":"77.58002200000003","responsecode":200},{"latitude":"12.986905","longitude":"77.580022","responsecode":200},{"latitude":"12.986905","longitude":"77.580022","responsecode":200},{"latitude":"12.98689","longitude":"77.58004","responsecode":200},{"latitude":"12.98642","longitude":"77.5797","responsecode":200},{"latitude":"12.98666","longitude":"77.57938","responsecode":200},{"latitude":"12.986664","longitude":"77.579383","responsecode":200},{"latitude":"12.986799999999999","longitude":"77.57919000000001","responsecode":200},{"latitude":"12.987049999999998","longitude":"77.57885000000002","responsecode":200},{"latitude":"12.987209999999997","longitude":"77.57865000000001","responsecode":200},{"latitude":"12.987329999999998","longitude":"77.57849000000002","responsecode":200},{"latitude":"12.987409999999999","longitude":"77.57838000000001","responsecode":200},{"latitude":"12.98758","longitude":"77.57817000000001","responsecode":200},{"latitude":"12.9877","longitude":"77.57798000000001","responsecode":200},{"latitude":"12.98776","longitude":"77.57787","responsecode":200},{"latitude":"12.9878","longitude":"77.57780000000001","responsecode":200},{"latitude":"12.98785","longitude":"77.57770000000001","responsecode":200},{"latitude":"12.987919999999999","longitude":"77.57761","responsecode":200},{"latitude":"12.988079999999998","longitude":"77.57734","responsecode":200},{"latitude":"12.988139999999998","longitude":"77.57723","responsecode":200},{"latitude":"12.988109999999997","longitude":"77.57719","responsecode":200},{"latitude":"12.988099999999998","longitude":"77.57715","responsecode":200},{"latitude":"12.988099999999998","longitude":"77.57711","responsecode":200},{"latitude":"12.988109999999997","longitude":"77.57707","responsecode":200},{"latitude":"12.988119999999997","longitude":"77.57705","responsecode":200},{"latitude":"12.988119999999997","longitude":"77.57682","responsecode":200},{"latitude":"12.988119999999997","longitude":"77.57669","responsecode":200},{"latitude":"12.988109999999997","longitude":"77.57657","responsecode":200},{"latitude":"12.988099999999998","longitude":"77.57650000000001","responsecode":200},{"latitude":"12.988079999999998","longitude":"77.57637000000001","responsecode":200},{"latitude":"12.988039999999998","longitude":"77.57620000000001","responsecode":200},{"latitude":"12.988019999999999","longitude":"77.57607000000002","responsecode":200},{"latitude":"12.987989999999998","longitude":"77.57580000000002","responsecode":200},{"latitude":"12.987969999999999","longitude":"77.57558000000002","responsecode":200},{"latitude":"12.98795","longitude":"77.57533000000002","responsecode":200},{"latitude":"12.98793","longitude":"77.57510000000002","responsecode":200},{"latitude":"12.98781","longitude":"77.57427000000003","responsecode":200},{"latitude":"12.987983","longitude":"77.57424000000003","responsecode":200},{"latitude":"12.987983","longitude":"77.57424","responsecode":200},{"latitude":"12.98804","longitude":"77.57423","responsecode":200},{"latitude":"12.98816","longitude":"77.57421","responsecode":200},{"latitude":"12.98831","longitude":"77.57418999999999","responsecode":200},{"latitude":"12.98852","longitude":"77.57415999999999","responsecode":200},{"latitude":"12.98869","longitude":"77.57413","responsecode":200},{"latitude":"12.98887","longitude":"77.57403","responsecode":200},{"latitude":"12.98896","longitude":"77.57396","responsecode":200},{"latitude":"12.989080000000001","longitude":"77.57385","responsecode":200},{"latitude":"12.989230000000001","longitude":"77.57368","responsecode":200},{"latitude":"12.989310000000001","longitude":"77.57359","responsecode":200},{"latitude":"12.989370000000001","longitude":"77.57351","responsecode":200},{"latitude":"12.989410000000001","longitude":"77.57345","responsecode":200},{"latitude":"12.98947","longitude":"77.57333","responsecode":200},{"latitude":"12.98954","longitude":"77.57318","responsecode":200},{"latitude":"12.98964","longitude":"77.57288999999999","responsecode":200},{"latitude":"12.98967","longitude":"77.57280999999999","responsecode":200},{"latitude":"12.98976","longitude":"77.57251999999998","responsecode":200},{"latitude":"12.9898","longitude":"77.57238999999998","responsecode":200},{"latitude":"12.989830000000001","longitude":"77.57226999999999","responsecode":200},{"latitude":"12.989840000000001","longitude":"77.57211999999998","responsecode":200},{"latitude":"12.989840000000001","longitude":"77.57203999999999","responsecode":200},{"latitude":"12.98984","longitude":"77.57204","responsecode":200},{"latitude":"12.98984","longitude":"77.57185","responsecode":200},{"latitude":"12.989719999999998","longitude":"77.57187","responsecode":200},{"latitude":"12.98965","longitude":"77.57191","responsecode":200},{"latitude":"12.989569999999999","longitude":"77.57193000000001","responsecode":200},{"latitude":"12.98937","longitude":"77.57199000000001","responsecode":200},{"latitude":"12.98921","longitude":"77.57202000000001","responsecode":200},{"latitude":"12.98877","longitude":"77.57214","responsecode":200},{"latitude":"12.988480000000001","longitude":"77.57223","responsecode":200},{"latitude":"12.98834","longitude":"77.57226","responsecode":200},{"latitude":"12.988230000000001","longitude":"77.57228","responsecode":200},{"latitude":"12.988150000000001","longitude":"77.57229000000001","responsecode":200},{"latitude":"12.988040000000002","longitude":"77.57230000000001","responsecode":200},{"latitude":"12.987620000000001","longitude":"77.57230000000001","responsecode":200},{"latitude":"12.987550000000002","longitude":"77.57230000000001","responsecode":200},{"latitude":"12.987370000000002","longitude":"77.57230000000001","responsecode":200},{"latitude":"12.987230000000002","longitude":"77.57231000000002","responsecode":200},{"latitude":"12.986880000000003","longitude":"77.57231000000002","responsecode":200},{"latitude":"12.986460000000003","longitude":"77.57230000000001","responsecode":200},{"latitude":"12.986150000000002","longitude":"77.57230000000001","responsecode":200},{"latitude":"12.985670000000002","longitude":"77.57229000000001","responsecode":200},{"latitude":"12.985540000000002","longitude":"77.57229000000001","responsecode":200},{"latitude":"12.985440000000002","longitude":"77.57228","responsecode":200},{"latitude":"12.985280000000003","longitude":"77.57225000000001","responsecode":200},{"latitude":"12.985190000000003","longitude":"77.57223","responsecode":200},{"latitude":"12.985060000000002","longitude":"77.57219","responsecode":200},{"latitude":"12.984950000000003","longitude":"77.57214","responsecode":200},{"latitude":"12.984740000000004","longitude":"77.57221","responsecode":200},{"latitude":"12.984550000000004","longitude":"77.57227","responsecode":200},{"latitude":"12.984120000000004","longitude":"77.57241","responsecode":200},{"latitude":"12.983640000000005","longitude":"77.57256000000001","responsecode":200},{"latitude":"12.983480000000005","longitude":"77.57260000000001","responsecode":200},{"latitude":"12.983260000000005","longitude":"77.57267","responsecode":200},{"latitude":"12.983120000000005","longitude":"77.57271","responsecode":200},{"latitude":"12.983010000000005","longitude":"77.57274","responsecode":200},{"latitude":"12.982910000000006","longitude":"77.57275","responsecode":200},{"latitude":"12.982790000000005","longitude":"77.57274","responsecode":200},{"latitude":"12.982670000000004","longitude":"77.57271999999999","responsecode":200},{"latitude":"12.982140000000005","longitude":"77.57261999999999","responsecode":200},{"latitude":"12.980920000000005","longitude":"77.57236999999999","responsecode":200},{"latitude":"12.980740000000004","longitude":"77.57234","responsecode":200},{"latitude":"12.980600000000004","longitude":"77.57231999999999","responsecode":200},{"latitude":"12.980320000000004","longitude":"77.57229999999998","responsecode":200},{"latitude":"12.980100000000004","longitude":"77.57227999999998","responsecode":200},{"latitude":"12.979870000000004","longitude":"77.57227999999998","responsecode":200},{"latitude":"12.979720000000004","longitude":"77.57230999999997","responsecode":200},{"latitude":"12.979560000000005","longitude":"77.57237999999997","responsecode":200},{"latitude":"12.979430000000004","longitude":"77.57245999999996","responsecode":200},{"latitude":"12.979250000000004","longitude":"77.57259999999997","responsecode":200},{"latitude":"12.978560000000003","longitude":"77.57312999999996","responsecode":200},{"latitude":"12.978240000000003","longitude":"77.57338999999996","responsecode":200},{"latitude":"12.978050000000003","longitude":"77.57355999999996","responsecode":200},{"latitude":"12.977640000000003","longitude":"77.57392999999996","responsecode":200},{"latitude":"12.977539000000002","longitude":"77.57401899999996","responsecode":200},{"latitude":"12.977539","longitude":"77.574019","responsecode":200},{"latitude":"12.977539","longitude":"77.574019","responsecode":200},{"latitude":"12.97754","longitude":"77.57402","responsecode":200},{"latitude":"12.97746","longitude":"77.57409","responsecode":200},{"latitude":"12.97749","longitude":"77.57327","responsecode":200}],"Message":"Success","Issuccess":true,"exception":null,"RowCount":1156,"responsecode":200}